,mean,std,2.5q,25q,50q,75q,97.5q,mc err
a,2.775380158914447,0.20515608110158354,2.3975480649060654,2.633856962894567,2.770739434273569,2.90869649413366,3.212111836404227,0.0050166163089755056
a_std,2.452677555333803,0.22505398827827533,2.0477350389051563,2.296529005781229,2.440749544206713,2.592498983803741,2.935354187155705,0.006865763745705822
a_subj.2884955,2.111369207666869,0.15464633140776357,1.8276940152387993,2.0058240083948298,2.1024199927821394,2.207634007778723,2.4325504341930833,0.0025101445243038275
a_subj.3964964,1.1871624667416625,0.0889378992225613,1.0260365829809397,1.1249328250245125,1.1831993741135816,1.2442821684916607,1.3769227228635175,0.0016326274092781316
a_subj.12919430,4.181533669184798,0.26018924400463894,3.692823275570249,4.004993734512229,4.170811674015623,4.352533430753771,4.708822764749234,0.004656491241009407
a_subj.34984274,3.373898510961151,0.20206720221583563,3.0105689819249277,3.2342478428410404,3.365807663659841,3.5063712630039223,3.7894256311937076,0.0037120998351434786
a_subj.41833230,2.930528215099392,0.21313812480274472,2.529352792141869,2.7797364625302565,2.9261160572172993,3.070750285278186,3.3708781193556825,0.003873505524212179
a_subj.43020357,1.632789360766609,0.09853965000892716,1.4505321672389875,1.5619438128881158,1.6288433109954223,1.6972300448721827,1.8347683798872971,0.0015880270850009343
a_subj.48595352,4.324571957257916,0.4160084224600451,3.582461892150798,4.034759080195253,4.294579437932246,4.582245080671633,5.241203661499585,0.01085159903414282
a_subj.48977487,1.807331920855917,0.15475019142406365,1.5069590722889403,1.7013986030978232,1.8079259007203858,1.910561226942351,2.1163255540580095,0.002900154299744501
a_subj.56470734,2.395359351450816,0.2496362561634067,1.9561623744367505,2.215660920742019,2.3820320529146,2.5602902852957063,2.9139511131290683,0.00582347670894653
a_subj.74263281,3.3191762286215205,0.2097020131008793,2.939989681526539,3.17212318322304,3.3087956936688068,3.452712412077798,3.7758939683961614,0.003445882289391101
a_subj.75969320,1.483947002605808,0.12925856743232153,1.241838764130903,1.396980094424442,1.477527910789172,1.5680458091066023,1.7546518760168368,0.0024923694514159427
a_subj.92774005,3.627085784319156,0.23034768818258808,3.2003434054453472,3.4665284231576736,3.620458986530675,3.779427794420587,4.108096511774194,0.003960034280215491
a_subj.96226407,4.914084449197041,0.3304009105339141,4.291940442033842,4.689233998254817,4.90467015655817,5.1272872202479,5.58298972006509,0.005431361385935389
a_subj.97123322,0.6938237234503909,0.042389996897021075,0.6183433062159699,0.6637298055633369,0.69132929582057,0.7210559334471165,0.7841140746309287,0.0008758494222532189
a_subj.100416772,4.766782685707938,0.29915484795085967,4.234089466111771,4.554965962606035,4.756733919227897,4.957993912537068,5.407334774322045,0.004920193930631459
a_subj.102783161,1.1386387049953883,0.06896740183743146,1.0115156841963877,1.09066871120751,1.1358243868355524,1.1828763071811548,1.2848948954090154,0.001237767210769616
a_subj.103303422,2.3807464673325652e-08,2.429723974484118e-09,1.9525611869756814e-08,2.2068999672750823e-08,2.3646602730691505e-08,2.5366081380979372e-08,2.908729360348788e-08,3.4778582065483744e-11
a_subj.120939072,3.0061960788040483,0.23038763870279994,2.5784131104193078,2.850992886258543,2.9924663407484666,3.1599093636953364,3.477461948319988,0.004239170782584339
a_subj.129490812,1.6018730876791645,0.14051559754648726,1.330754595905778,1.5073904815095123,1.598652772764508,1.6949695466685042,1.8821085169492584,0.002922594331394753
a_subj.130271607,0.675454181646821,0.039704641131528086,0.6023965669444488,0.6482391943801752,0.6739064935228283,0.7006111165998871,0.7594835994586655,0.0007040369235325698
a_subj.130941034,1.2557610088928053,0.11063499772101666,1.0521613592053776,1.1814571440188744,1.2518411053644907,1.3253574126992256,1.4906164240916713,0.002348374182658115
a_subj.134057190,3.9705920039064075,0.2556217251913475,3.493142007556912,3.7941688091015653,3.9586159590604053,4.143933904468991,4.486813439545133,0.004262009449008571
a_subj.147547787,1.123209820134824,0.07528148804808708,0.9820306959023303,1.0733698279516584,1.1200877166714305,1.1698060298950201,1.2796262117896897,0.0012144184620410468
a_subj.148334112,3.7148807600826514,0.24175398799232206,3.2604227455873493,3.5468170987308474,3.7056675384129782,3.86700415172519,4.227178481638054,0.004183281977298722
a_subj.176326342,1.6209613656899184,0.14512928784636955,1.3466218236413368,1.5203179505617817,1.6154057345134596,1.7132221146860926,1.9266150520767602,0.002550065021429727
a_subj.189660560,6.674963228559408,0.8319281722100579,5.232206236776392,6.091511998754149,6.6288348428854285,7.1754890816482835,8.469835099792006,0.014049355727117971
a_subj.192065971,4.39642007373139,0.3407219341942322,3.810336027628439,4.158269693437987,4.359019234610404,4.606522494256233,5.151122018356756,0.008696441315280306
a_subj.218675715,3.559127896680012,0.23877857506586928,3.0453509485715835,3.419777917637348,3.56674590595961,3.7091581502758295,4.0050847009103325,0.01140815079190909
a_subj.224184422,3.5753457853124515,0.22353801028198053,3.1601397394354036,3.4211879951789794,3.5644227740930305,3.7251651631862104,4.038448148623307,0.004128147851178031
a_subj.224557592,3.3737248601919485,0.23293228139569283,2.9182499102233894,3.218338928169831,3.3680972435391503,3.5263126491921577,3.841984576181101,0.0038547488886960745
a_subj.245315813,4.13810420162385,0.2848407292092257,3.588283253863787,3.94374102641949,4.134840391612109,4.3319916947012285,4.703105623974648,0.00489592579911872
a_subj.251264572,5.334011272485969,0.4083079269219065,4.582435921075951,5.0558468020512946,5.317087794783493,5.601927208454724,6.170316798092438,0.0068217123328781545
a_subj.251653297,1.2690273232063916,0.07574263218338427,1.133946464487321,1.2167755948200623,1.265787412958924,1.3172164720012525,1.4292122083912968,0.0011881064721897246
a_subj.252234006,1.7251826084002773,0.1021603757418981,1.5334635480211134,1.6545921793562728,1.723858179495516,1.7916096793927114,1.932980600670319,0.0015506383639532335
a_subj.254632445,1.532204073160266,0.1065173673577366,1.3355013987386586,1.4601891864111785,1.5275016453140013,1.6003245955108438,1.753315322537901,0.0018981512112682282
a_subj.278773301,3.7235589342002577,0.24708757360248937,3.2608244365635706,3.5520874514975542,3.716195027406994,3.8867198139341483,4.229107230263331,0.00408884012161359
a_subj.294041592,4.488532616609541,0.27352496038632346,3.967629784010237,4.303836844478307,4.484080564866406,4.666352428750064,5.045300412060538,0.003951669663188045
a_subj.299760590,3.9387919154857007,0.23604747965201467,3.4967625891820804,3.772170993108497,3.9378811569446786,4.096560046861739,4.411893752155064,0.0038649572616122714
a_subj.312902548,2.221703148910555,0.13391669346151885,1.973348248723204,2.130574052995488,2.215779141436625,2.308709567777849,2.500749035463521,0.002286372727610767
a_subj.321769333,3.643741442055899,0.21232977182637292,3.254781083934142,3.4979374296641743,3.635936014709519,3.782389641345538,4.079921575803788,0.0033012805946045463
a_subj.324908376,4.44299986458963,0.28413573294040845,3.9094304599463494,4.2482738749227105,4.431797908422155,4.628303416094279,5.045656990429541,0.0046966588033894845
a_subj.331590088,2.7644951151692747,0.1727401796505552,2.442442312179327,2.645398286776911,2.7577312839483645,2.876520881514638,3.1281426715559126,0.0027358173023186738
a_subj.333010087,5.497378137075368,0.4107846738132094,4.772636718043645,5.207759834935636,5.474536590293918,5.761866306324736,6.391449460083098,0.007830836434032184
a_subj.334324861,6.433189644113697,1.7809839790824238,2.947134811199872,5.315757389171683,6.330021789658463,7.501866095681056,10.19803307026252,0.02979551488374199
a_subj.336172395,0.7036503198550251,0.043912703441574094,0.624337867720016,0.6721398248224321,0.7007012265047489,0.7320037215174675,0.797361182076562,0.0007563420745583945
a_subj.349171132,1.5835869106160603,0.10588140167177926,1.3933565646451518,1.5089715373124928,1.5794829327871807,1.6531765968279513,1.8064390004275204,0.0018279561831320526
a_subj.350745134,2.6426049803260008,0.176935779338635,2.309672718304986,2.515649992503814,2.637670619337972,2.7630390330662,2.9947726856687966,0.003431600695468208
a_subj.351777009,0.8561025853710873,0.05642928548370453,0.7501627453404556,0.8174793502322436,0.8540976856283113,0.892227093362511,0.9717372023606882,0.000982254568114733
a_subj.355043712,4.350394315775276,0.263897443750176,3.8582514357775315,4.166847734718452,4.34426689221084,4.515695825412478,4.901558442582931,0.004509579689107696
a_subj.367119634,2.217130161184076,0.13088183386829086,1.9718325457811652,2.124109453798404,2.2147106044534066,2.301631150900523,2.4890831995506812,0.0020449530819212415
a_subj.374844073,3.3410987198480626,0.2559663519641079,2.857138064806988,3.16750674816251,3.342529328937445,3.5111797215475034,3.840922742809266,0.005728061726470323
a_subj.374999420,4.290394330659304,0.278165700861106,3.754646916916527,4.100239032829174,4.288618267964279,4.470295487610126,4.870608728375392,0.004210760850008698
a_subj.394422911,4.2642326161313235,0.27836445168101803,3.7507739330693854,4.075581122685777,4.252073324441527,4.445431804666077,4.861790017183543,0.0053030057621845745
a_subj.396122776,4.108573417990268,0.2690805373937568,3.6263392159419188,3.92594771634168,4.095794109697785,4.277157335637283,4.66820268177078,0.004833860219444407
a_subj.408368411,1.3996311174220644,0.08063586752323729,1.2513046288758605,1.3440494094643385,1.3947333116689598,1.451768526551449,1.563460309138367,0.0013971654875477625
a_subj.432332461,1.4400478457247672,0.11118241896171326,1.2426010054220533,1.3602827950627359,1.4357438829272855,1.5121754354402634,1.6751827765787164,0.0022359062679803486
a_subj.433311086,3.9893899474058596,0.2662168706149964,3.5109019378709165,3.804901463843625,3.9732811355647737,4.164780952114214,4.5498790141033405,0.0042413523746831095
a_subj.446421117,0.7609943515115414,0.04650822065046409,0.676126771056513,0.7279261640967133,0.7592007617154489,0.7909893865365275,0.8579731458474572,0.0008218637685265907
a_subj.449943813,3.470767723020697,0.2229824455557382,3.0597289719122136,3.3199505950006634,3.4607378921630003,3.6108150151345235,3.9414354164713514,0.0036952097446694607
a_subj.452249694,3.8318744349145426,0.2640728840292039,3.358948635619222,3.6464217623645805,3.82231155171492,3.9939878360290284,4.4064033678079975,0.004446846453528105
a_subj.455194813,2.2411775464670862,0.17551842325029254,1.886534612536097,2.1245056519772487,2.2478112194356257,2.3605354303946715,2.5766344751678996,0.00830627662796932
a_subj.455717130,4.021869026086293,0.24860593091269098,3.560578966105334,3.852672024541089,4.015992936260655,4.184651735155113,4.533756687667091,0.004351899196572228
a_subj.492518259,2.5914762713491055,0.1847360308807928,2.2575433422061972,2.4669047251058154,2.5810955629301358,2.708637163499044,2.9872390326660567,0.0032422835198299303
a_subj.502901314,4.810400764028231,0.29338946369796554,4.2656133221624835,4.605945870698363,4.7983899054054024,5.0055436260918125,5.402010210869891,0.004551950665989221
a_subj.504663288,4.510718776948261,0.2835918923611327,3.9794752738013868,4.318018276460918,4.5013919802761935,4.703587678053031,5.081194837248165,0.004618823962978512
a_subj.507157861,1.541586775342906,0.14874580662195763,1.299641539692078,1.4319443202087951,1.5211847649172956,1.6371803883811327,1.8549729768885832,0.009169712451357422
a_subj.507740391,3.1590558827519586,0.2020975985663563,2.789028631834074,3.016003200014897,3.1485473799669825,3.289579488374661,3.586809671998937,0.0035759341257006146
a_subj.514268702,1.2101798788656237,0.09012663925402713,1.0510551670379706,1.14699722760399,1.2047655017496774,1.2658249640770665,1.404590392684746,0.001683251022394243
a_subj.522579064,4.648165419197896,0.3234558512698999,4.051875583347728,4.43087815895565,4.638973103268851,4.85574310734536,5.308496504979534,0.00582850279872788
a_subj.534449063,3.8375016012569474,0.26740976400685934,3.338037960449604,3.654765734774235,3.8289492160957854,4.010681803006202,4.382752549359663,0.004646453890438575
a_subj.539422517,5.704274816884187,0.6091672709710745,4.722862166958285,5.2783711563317475,5.62052469334437,6.045389870295875,7.158116321282952,0.017066372857381946
a_subj.546064836,1.6670273810614542,0.1413917931434605,1.4022261942357164,1.567074429438549,1.6599740917078831,1.759170433080682,1.95206304585912,0.0030860877322980438
a_subj.561564728,3.654457846497962,0.22853234429058147,3.221445202222287,3.4972527741271238,3.646370891467174,3.8042942568320077,4.11681825950238,0.0037152310821837948
a_subj.563121476,1.010600075166061,0.0734348672869926,0.8756508971533282,0.961209564220594,1.0077322222226788,1.0581320596794208,1.161202930517547,0.001380636239553609
a_subj.578711405,0.9803135405440011,0.057931327631349026,0.8764148138460324,0.9409177168687616,0.9767548683185108,1.0176101448788197,1.1047970027498875,0.0009471098145460552
a_subj.584470675,4.284675904330963,0.3593597549072186,3.489679401393846,4.076855323046853,4.3094304617059205,4.519076823787778,4.957308681582299,0.012129038141686758
a_subj.586071473,3.9921167096306025,0.27304145679451053,3.486093938410707,3.8051999653129487,3.986401086454789,4.173611062183677,4.536745238292891,0.004306394303827546
a_subj.589703985,0.0192460152675519,0.14280381839528283,2.0192850509021107e-08,2.2381115392905385e-08,2.3651493247484554e-08,2.5105700153829214e-08,5.801482410096455e-07,0.013607008856177877
a_subj.605713945,0.7971277982023348,0.05546908177586581,0.695096217498668,0.7584443603242775,0.7950717769839707,0.8327325006274984,0.9150021102919144,0.0009442748706586254
a_subj.626227255,3.8342485209780466,0.29026690418755347,3.2860340368290126,3.6307370713202425,3.827928628729672,4.02752659171327,4.420335935695989,0.004547029798441229
a_subj.628308431,2.7162604918483226,0.16553656388330987,2.4037064008415046,2.6046718394503072,2.7082511385595054,2.824790777776364,3.061759155472139,0.0025949805791360353
a_subj.630235377,1.7202191971716712,0.10244367686286,1.5324736269031345,1.6482779087861954,1.7175574810767016,1.7875685932312826,1.9336334921876308,0.0016285920498512129
a_subj.642346147,0.5566610136254205,0.044599100810804364,0.4858842140506441,0.5252483942286823,0.5505333650319642,0.5825494010203915,0.6619178933898182,0.0010233402460545237
a_subj.650974545,1.7656412003486945,0.11990305426169807,1.5445754971398937,1.6820602905913402,1.7613181824697994,1.841859632984044,2.0138461447576788,0.002010145993026823
a_subj.652231699,2.4572878368775855,0.15179897914355706,2.1826718947303556,2.35282549634695,2.4523213656451093,2.555960423179216,2.7818713744866104,0.002484094609548561
a_subj.657894484,2.4242953533488083,0.14775361142466598,2.155612204747257,2.3190748633150062,2.4160394624667156,2.5219381414150925,2.7342843618521475,0.0021994138175199843
a_subj.664438269,3.8233643354098508,0.2522125622451613,3.3511871251100485,3.6498762728255474,3.820479116936954,3.9884194504556136,4.329689336549897,0.004812504309308615
a_subj.673728725,4.215909615328198,0.2757108973083633,3.6886085468912193,4.0267943439159835,4.211615092967319,4.3963839998778695,4.780273433466925,0.00441985735239101
a_subj.683861923,1.8466495095122155,0.1177140683897149,1.6349584068107377,1.7648785712169106,1.8391227263676295,1.9236804918337607,2.0946108528773832,0.0016964327438434093
a_subj.696039965,4.042103380086626,0.27816464268275765,3.5296223015883585,3.850448972503519,4.0277084436860715,4.221334254321231,4.638090394364837,0.005452887452707978
a_subj.716236442,4.134556266435326,0.2796271999176811,3.588145562230956,3.950812881942092,4.1316615080471495,4.3165196886111685,4.687770863428498,0.004794648956038485
a_subj.717256200,4.276758303140676,0.26789358223228676,3.795560416057995,4.093201882616424,4.266000242300256,4.449596802794742,4.836170896139197,0.0043531451403624475
a_subj.718176674,1.6833364087452007,0.11781504632665546,1.4740132112140576,1.602800712866723,1.676077484763744,1.7604147504075367,1.9369966024286007,0.0020461674134076664
a_subj.720435955,3.4804111237551156,0.22838029166045898,3.063246402672924,3.3178705514678097,3.4746537000287696,3.6274746596594056,3.965951150121116,0.003991418199614774
a_subj.733093513,2.557813523904438,0.20782194454773817,2.1579658664592216,2.414850104643829,2.553632315959157,2.6939482742216043,2.991427232392965,0.003975766349391071
a_subj.749079099,1.598526442768678,0.18365324192700516,1.2745655362718709,1.4395308785687437,1.6221327353107162,1.7414734798131628,1.9206783944040249,0.013389025937974025
a_subj.755075290,0.6643397539755157,0.03999457034869565,0.591750262928421,0.6357693564258522,0.662859725799298,0.6914683754547621,0.7461492679773724,0.0006849738897981876
a_subj.770588123,2.6992020745952727,0.17021509526932796,2.3866885659276003,2.5786237837523647,2.6919195782807837,2.811528401479144,3.0508898088442113,0.002409550745682239
a_subj.778697233,2.0122941658991995,0.14361496520163491,1.7495033927174481,1.9122863483218313,2.0037059840640508,2.105324434790898,2.3146915046623477,0.0024857872273661105
a_subj.779970594,1.606597699194738,0.1598365402102045,1.2996446315403156,1.494733560396877,1.6050093053403693,1.713440769526791,1.9259994727982535,0.0037981059589259998
a_subj.789515489,4.637456374379958,0.28758890229394024,4.100255740646398,4.4436333253712625,4.632133165618383,4.831444798897153,5.22226839270662,0.004268423891279395
a_subj.796639530,1.9489565198919179,0.16184281299659184,1.610117507131977,1.846590866107681,1.9587069498396237,2.058023874408444,2.252420336386301,0.006994774861736841
a_subj.815555952,4.836253100202754,0.3927735375484997,4.084007124398107,4.560721700681931,4.834287952979119,5.101954140291747,5.603671413526462,0.00929811555076568
a_subj.828632181,0.8968751071543479,0.06098574515848038,0.7863425502853945,0.8544185798180381,0.8933377902981462,0.9363879436093273,1.0234467691080915,0.0010655003484752019
a_subj.840480197,0.9703349435282107,0.07910695854497343,0.8282737688740647,0.9152631146328282,0.9647902892805433,1.0187166676799957,1.1372584612379453,0.0015002923811714079
a_subj.846755060,3.941834510002405,0.27019899590375807,3.4288532245865873,3.7583404503054068,3.940735744171522,4.115329319307779,4.485781510033262,0.004943880380978334
a_subj.860810996,3.1258975833680656,0.2258526160085701,2.7060491994745624,2.9700455854282106,3.1201903164864477,3.274799906515273,3.594521944006366,0.0038955950188774404
a_subj.874342939,3.25973680752316,0.19939628693911318,2.8889610041440426,3.1200604469217312,3.2534304308170356,3.3891789844214975,3.6715709547496695,0.0032243916583823027
a_subj.885985637,0.6975164766959723,0.042358499854242476,0.6205097378853048,0.6679747578761519,0.6953254778897346,0.725562677485413,0.7868936998212308,0.0007135381007545519
a_subj.889540573,0.82840552253641,0.0523097964288735,0.7349623937838071,0.7914114028953481,0.8245295945199189,0.8619470196934429,0.9400793478108338,0.0009090101721062388
a_subj.891299842,4.070872160278168,0.24492603128424636,3.610876194519271,3.9003559661397977,4.0667961059516875,4.232518412724655,4.5637231411789365,0.0039289866786472675
a_subj.894143700,3.51719260624641,0.23547940439042336,3.075412536673701,3.354419046672442,3.50850613173168,3.6674815595081887,3.994437922373379,0.004213403273890087
a_subj.904039471,0.7538151470156333,0.05459305940893858,0.656433179892722,0.7162057520918086,0.7515818064728131,0.7888411939259513,0.8691395187409179,0.0009796025999926864
a_subj.909861321,3.3924277027926517,0.29012050255188165,2.8282428442070633,3.196326651512264,3.3854708153094335,3.585545734460021,3.989587276767398,0.006046252970016276
a_subj.910114803,4.341499423239735,0.2879401778469741,3.8067112826465364,4.143183232891889,4.328210295964814,4.523955844667881,4.929868214702267,0.005973594241861014
a_subj.911960296,1.3140639727865326,0.08936551483364719,1.1522256166078428,1.2519370976387463,1.3098008189396206,1.3723364905088316,1.4948165802408173,0.0015555654836605654
a_subj.923162466,1.661718871154624,0.13868438488331428,1.4129202909131509,1.5672738197770548,1.6515917705608973,1.7500383087781324,1.9585251336002865,0.0030756756797539636
a_subj.931420970,3.3209218844425124,0.24304650623215596,2.8492866707227256,3.1546702007857066,3.317980452673405,3.48832922909499,3.7941050119997364,0.0046465973562634
a_subj.933260573,2.535657846888819,0.2041879063319381,2.17275254222336,2.392594734233124,2.5181278490775028,2.660861807166162,2.983488579914359,0.004322156216350461
a_subj.945098209,1.7067929841929916,0.12460493411475652,1.4777364489958549,1.6202525612435754,1.7028333617751694,1.7855549937287951,1.970292265374528,0.002348269454264642
a_subj.949645864,1.062582758271785,0.06783603392560626,0.9359478763032653,1.0157183323306023,1.0594154524214445,1.10700750632538,1.2043303086805306,0.0009077208686775199
a_subj.949879914,1.3420329036520475,0.08480546457605494,1.1870241352844164,1.2824031237799842,1.3394523974294672,1.3951411001819598,1.5184539780359052,0.0014626069341430589
a_subj.956660069,1.4775503189621244,0.09816309119546704,1.2937500838553757,1.4093796161017746,1.4754104415563267,1.5435331834711696,1.6760517393238312,0.0018903739602864407
a_subj.961875421,2.678472489362012,0.16059524091136568,2.385908884272499,2.5674918922144228,2.6700877396439684,2.7833105187725637,3.006840597277111,0.00289201182392515
a_subj.964326783,5.836503547232466,0.5068622906945853,4.925741370381279,5.481247791669003,5.812173791126896,6.172622528016234,6.873621842828559,0.009216534858675612
a_subj.968634301,2.1369021257028193,0.13372902775967058,1.895326330880934,2.043387121618832,2.1316611578818354,2.222587369709856,2.4158768791273983,0.0021073461120108936
a_subj.971172922,0.7655122903860889,0.055194661384883395,0.6650042925940955,0.7278561242098618,0.7631231903610071,0.8019293625543477,0.8785138857700263,0.0010051410623661229
a_subj.977170877,7.23729689970565,0.7674918648945732,5.7910705784130405,6.743109263596264,7.235710336542857,7.735526939585838,8.77776928561846,0.01614370907657434
a_subj.979660929,3.33255478722685,0.19748719810099413,2.962138162966096,3.192746158290574,3.326498131351256,3.4650625938111994,3.737807925090552,0.003746372862798505
a_subj.984661157,1.2673869002770113,0.07757786554761374,1.126967908294335,1.2138331001350375,1.261998748521088,1.3152989745167978,1.427668417474276,0.0013611048198009046
a_subj.985750851,4.386618454630248,0.40633842531473263,3.6410802089623395,4.083040289171492,4.3734855651650495,4.68247072870823,5.168362052471718,0.015297204723219096
t,1.143010898555757,0.05050092813254383,1.051707014899562,1.108046286579982,1.1411089709299156,1.1755367345823202,1.2470865817066024,0.0012166801761830893
t_std,0.5230463501322536,0.055618111293272446,0.42154519641275845,0.48620680530566485,0.5198725990038352,0.5572434139477537,0.6411705311133392,0.0019772673530471753
t_subj.2884955,2.8082815083891863,0.0567936794411011,2.6736486506146173,2.7781044633878635,2.815351541898257,2.8482724277629763,2.895062562167524,0.0009912745862993664
t_subj.3964964,0.9284058401571643,0.017108830543851095,0.889955869576808,0.918866054669482,0.9303631754577089,0.9404054823445218,0.9554403616571023,0.0003042667074116416
t_subj.12919430,1.155489096675982,0.1580880227481193,0.7978691782306172,1.0574256543095717,1.1714260973979742,1.2668143966077274,1.4210492277318723,0.0028757069597010665
t_subj.34984274,0.9536432098816919,0.12274928761956798,0.6985143549190662,0.875325810440542,0.9536323908026106,1.0357117838777943,1.1896791364777215,0.002083717474896787
t_subj.41833230,0.6497092039902062,0.09178605317825884,0.45087557219919006,0.5921391370576667,0.6559952478197619,0.7162252200825623,0.8064232679019055,0.001620304336682522
t_subj.43020357,0.9311752383441758,0.022789024501405047,0.8789892167800377,0.9180005556173987,0.9339838386352227,0.9473749337426709,0.9674761036043904,0.00039567827586815547
t_subj.48595352,0.8069295446565793,0.17354319300224905,0.4272244760929619,0.6955985349838687,0.8186213618615998,0.9292491698868712,1.1098520069541893,0.005100325526625366
t_subj.48977487,1.2915588277696122,0.04035435850150455,1.2099440767065488,1.2677969113168823,1.2915234360917207,1.3135098919745443,1.3781690972296055,0.0007495929182571815
t_subj.56470734,0.7669492570208597,0.0779364481307591,0.5839153996961721,0.7211283320219785,0.7762025266183058,0.8236215575831897,0.8899813815048156,0.0018273103591274619
t_subj.74263281,1.764071074871352,0.13941293612607752,1.4364253928882964,1.692802352138555,1.7886519542672636,1.8599144717712073,1.9811364010130836,0.0027140533294170563
t_subj.75969320,0.8689864135669708,0.030986880590887642,0.7987917997422594,0.8510519383384056,0.8715528329103082,0.8910807913115222,0.9185757243865758,0.0006510040671849941
t_subj.92774005,0.8206305114517632,0.12453639163785009,0.5412896837883496,0.7400632456603808,0.8303377784557295,0.9121561488899625,1.031881555636837,0.002186455308142388
t_subj.96226407,0.8243988253635137,0.20019464243138818,0.42608387217680255,0.6892554765194248,0.8280198977823973,0.9637801043348191,1.20365685447137,0.0035315209231482785
t_subj.97123322,0.9730080504640076,0.005113458580282157,0.9613541982434046,0.9700978787458436,0.9736317293666114,0.97652898318829,0.9813109646161751,9.919364482182804e-05
t_subj.100416772,0.9735488460513975,0.2085068103766274,0.4959862349012737,0.8539417816671031,0.9937136055688003,1.1214307669333812,1.3167950220762905,0.002999057163855284
t_subj.102783161,0.9449657777271673,0.012437606140356878,0.9163361018553499,0.93776644613905,0.946380321269995,0.9538949763607238,0.96519982337606,0.00023518980916547972
t_subj.103303422,0.9999999999999998,1.1102230246251565e-16,0.9999999999999999,0.9999999999999999,0.9999999999999999,0.9999999999999999,0.9999999999999999,0.0
t_subj.120939072,0.6863927149780835,0.09478581945359957,0.4718644722360986,0.6283343049138934,0.6968002421117123,0.7540950266947274,0.844618370166867,0.0017674279102007113
t_subj.129490812,0.8986607315394598,0.03352413233576073,0.8255896678316016,0.8774668716252322,0.9022626323175067,0.9230575504903157,0.9532968348419653,0.0007881464847528576
t_subj.130271607,0.9815802181377553,0.004213488946085025,0.9716336104975544,0.9792942616588994,0.9820814190737147,0.9844846783165102,0.9883248610554985,7.62434213064962e-05
t_subj.130941034,0.8912685274402588,0.024094007715449416,0.8357991711879422,0.8781684912549341,0.8940528190260153,0.907666821355676,0.9300683644200098,0.000547217278791444
t_subj.134057190,0.9578279743727228,0.24260824493574837,0.5071574173461922,0.7475035289324917,1.0081196802468737,1.1557207249386676,1.348674069333656,0.00430156293958898
t_subj.147547787,1.3335352131958893,0.017413478999459796,1.281925554811994,1.326856328006036,1.33601189311551,1.3433872502457744,1.3642209936214766,0.0003538121440412299
t_subj.148334112,0.7664036661926589,0.12465988538128624,0.48832127757056626,0.6906643639405172,0.779631576259531,0.8556718871879485,0.9784983605153484,0.002152735689581065
t_subj.176326342,1.2974330270167371,0.03683298436586296,1.2260820653125988,1.275941650496446,1.2963430073093147,1.3156177189469835,1.392573892937919,0.0006814725275220519
t_subj.189660560,1.7320450090907895,0.7494203689339273,0.5559909277633289,1.176249067648171,1.6171133794230563,2.2188512901214996,3.368450942846795,0.011902673383148002
t_subj.192065971,2.6122471154158777,0.5009464598251369,1.1749631510575618,2.517187805267872,2.7318492841259414,2.920158665700374,3.1944794678676494,0.014546422558714462
t_subj.218675715,0.9469262137206695,0.2720616631030095,0.6461285653611537,0.8144029201958525,0.9002876683402584,1.0150457250883111,2.1306422010431323,0.02250537714583279
t_subj.224184422,0.9207196340430831,0.12178802325263886,0.6507869744235262,0.845360642532454,0.9331468807592637,1.0078981135893468,1.1210505894443785,0.002113528264226834
t_subj.224557592,0.7815065926183589,0.12006087797253955,0.543085738549189,0.7073087943891707,0.7791948942884125,0.8520319778252151,1.0428171023330317,0.0019390828300481922
t_subj.245315813,0.6173625266838944,0.14457412685375234,0.32266561533659854,0.5191976573984797,0.6259320985696215,0.7203668616107416,0.8810767458603919,0.0027096163517886297
t_subj.251264572,0.6944885394824899,0.21685067263346855,0.2812490551970042,0.5431588103385515,0.6961120432299597,0.842868672600514,1.1189975745438079,0.0033692554392518357
t_subj.251653297,1.3795090781603359,0.014897286911127993,1.3451006677696389,1.3710278715887736,1.3811756837251496,1.3899487413307767,1.4035525382911493,0.0002427749606561548
t_subj.252234006,0.9282630574625946,0.025346905916577313,0.8723772757328228,0.9134820985264729,0.9307313214898599,0.9458480390292636,0.9707415137195009,0.00044548208849488614
t_subj.254632445,0.9309619540803505,0.023558456369102754,0.876347114801504,0.9172271805006253,0.9336266794757544,0.9479348426817764,0.9688885351412898,0.00042275219503104067
t_subj.278773301,0.5529447173754344,0.11199863970280624,0.3136451230203338,0.4787651436399686,0.5646914950751242,0.6344211860726295,0.7428424044482018,0.0018571186532457113
t_subj.294041592,0.46897750717935865,0.13119112094412816,0.21355404303768688,0.383016747964348,0.4691536213748678,0.5560738583844258,0.728293504116414,0.002058866141775755
t_subj.299760590,0.547203656803319,0.11656500431787199,0.30802294093422233,0.4699438150672597,0.5525071108231873,0.6299729834124237,0.7573073321480255,0.002048477320850406
t_subj.312902548,1.0092154395634834,0.045874295395942295,0.9042759753232147,0.9824347075697842,1.01380657270823,1.0413002261386675,1.085139712038869,0.0007637942436487474
t_subj.321769333,0.8301402632690068,0.1150480804457559,0.5706809167206449,0.7615669330657712,0.8413357174120334,0.9125033832974292,1.0211848931986771,0.001934752295127995
t_subj.324908376,0.8827897892939918,0.16301370677043944,0.5287433054287345,0.7813296313464555,0.8954397954340938,0.999948986689873,1.1663094729226762,0.002514810449788297
t_subj.331590088,0.7994345875699717,0.06808794809986479,0.649251082632814,0.7596823734532554,0.8053084665341639,0.8459002760225348,0.9112249564007237,0.0010876881520181525
t_subj.333010087,3.0921045375327343,0.5230673603626411,1.9667929314089423,2.7107418177558835,3.1914928057830294,3.500040620089222,3.880301557858622,0.011076930266346666
t_subj.334324861,1.2278809862161144,0.569791029867153,0.3852801487741486,0.813966185904182,1.135346696908279,1.5376960510462154,2.5737422336322,0.008435277323036512
t_subj.336172395,0.9950302043254808,0.004988781833776994,0.9837418313389099,0.9920124293260925,0.9955955025826279,0.9986063651729852,1.0032340709961853,9.38079176570126e-05
t_subj.349171132,1.344525421527417,0.026004240522210113,1.2850466190475756,1.3296374129585722,1.3474677353705493,1.3632453485607734,1.385786986353095,0.0004240922595880483
t_subj.350745134,0.7677372188380229,0.06758774602991278,0.6165107207819512,0.7259639600339127,0.7743497596641549,0.8163277243959208,0.8798808130180464,0.0011549284799061428
t_subj.351777009,0.970973059503174,0.007347228899576264,0.954407598725941,0.9664797837278964,0.9719552717497103,0.9762757743028836,0.9828736446160516,0.000142255130835451
t_subj.355043712,0.48462355936127044,0.12653878045312933,0.23098351812903425,0.39718686087754235,0.48931529175268046,0.5757724057348037,0.7222007268921666,0.0020433285638377548
t_subj.367119634,0.8474013323056258,0.04432269788658674,0.749926415537792,0.8202935377625181,0.8525526680928469,0.8789637351215006,0.9199372236403682,0.0007464206921402709
t_subj.374844073,1.1418245000527507,0.3052362886661364,0.6931916518112771,0.8975735985097664,1.058428069302594,1.3874516033206472,1.7059425447227643,0.008456603290851204
t_subj.374999420,0.6785461351235863,0.15092086943316663,0.3622688758237225,0.5796610035430672,0.6857239313679168,0.7852027642071985,0.9496098080811367,0.0025333523590195185
t_subj.394422911,1.8547478645135997,0.17865002181979006,1.4600811898259727,1.750165200165187,1.8710243931050858,1.9726186247427264,2.1358744710801103,0.0036110933350256337
t_subj.396122776,1.8522551467089337,0.25453351034867694,1.3726315090080468,1.697560864900698,1.8381282312169633,2.015970241523914,2.3380035581051217,0.00429083239088856
t_subj.408368411,1.3537621446807482,0.017109217580499922,1.315086125657681,1.3438286460268125,1.3556127822506514,1.3652794818915408,1.3822807897554765,0.00029595048230077897
t_subj.432332461,1.3777431921292937,0.03319581957873364,1.2966113403114343,1.3661946278603518,1.3840392495401896,1.3972336748596517,1.4328933907251455,0.0007346502963890126
t_subj.433311086,1.426742158417588,0.2708169217232307,0.7675083893178439,1.280004125628463,1.4555894244436107,1.6090256719550626,1.8664085608284415,0.0044021269679474315
t_subj.446421117,0.9856704008038879,0.005009442505051737,0.9740133407242023,0.9828234987645222,0.9862605262738123,0.9892245566179388,0.9937844957070603,0.00010343281316452785
t_subj.449943813,0.7955916069178994,0.1113160242806964,0.5471394214578522,0.7266857131123448,0.8073074341336559,0.8758072861045374,0.9812456333451568,0.0020731102589896513
t_subj.452249694,1.9569906697738908,0.18266980746636577,1.4782818467242982,1.8714932621847773,1.9861696947730467,2.0778707928980436,2.218863452353712,0.0033288871930120755
t_subj.455194813,0.9330716506537449,0.14990416948708932,0.758225196594824,0.8347027213543593,0.8721611450695963,1.0836405696895797,1.2464856049168325,0.010785341330108245
t_subj.455717130,0.5090753977871846,0.11829204628718908,0.26208232152278593,0.43141797738736404,0.5142806110000279,0.5922697409839057,0.7247563302817661,0.002053318962336233
t_subj.492518259,0.8372948655372711,0.06919935183562886,0.6786884948856806,0.7964959197775391,0.8451853387252476,0.8850052170928691,0.9497736846083056,0.0011749436961960584
t_subj.502901314,0.8672008767548891,0.2653277115693024,0.3617440561738817,0.6540185577278682,0.8937277691906995,1.077454288130787,1.3076917279891769,0.0038481655480553183
t_subj.504663288,1.3533591478942928,0.1959023600021939,0.9275681629305377,1.2315158987263526,1.3732265352875965,1.485495123808428,1.7140373185580473,0.003427919402042676
t_subj.507157861,1.0960770667446187,0.08807618816244019,0.9260412096874555,0.9906039204328574,1.137132173971797,1.1564060723938034,1.2026975601272074,0.007122820913209554
t_subj.507740391,1.5649265510720185,0.1255896400275321,1.2526329711854634,1.5048518472630388,1.5856012710214524,1.6491049301801666,1.7625805628508684,0.0024442773681464876
t_subj.514268702,1.384937546403591,0.017363382241034064,1.3447958370039386,1.3773806990686526,1.3878734016252263,1.3962067923166537,1.4090916955749075,0.00035102275719304946
t_subj.522579064,1.7275781468515314,0.42229585427399957,0.7634704568594031,1.454060638727356,1.7883516912310646,2.0446602761016854,2.405353046471828,0.008084080136822729
t_subj.534449063,0.4657396296378573,0.10780639692127898,0.2456487837631382,0.3937452441189793,0.47093121907019625,0.5427551550743147,0.6562788434673341,0.002000056807554121
t_subj.539422517,4.897523225363915,1.0802336736942404,1.8657924980568312,4.5840579409249536,5.193812836266854,5.571616334175028,6.213639971806048,0.03369361518895423
t_subj.546064836,1.5675160446247574,0.0334890078605785,1.4910715708718743,1.5486386030639965,1.5719596242947336,1.5915648561633187,1.619516601588392,0.0007198412239485645
t_subj.561564728,0.9897112602967482,0.15632884002587766,0.6872407271088201,0.8768954535003668,0.9827743525943656,1.1155456403319117,1.2651044759348697,0.0025645627188541275
t_subj.563121476,0.9485311316550764,0.011417709374415762,0.9224472994045096,0.9418755535956348,0.9497625087840391,0.956519521215854,0.9675013875318694,0.00023677449287752274
t_subj.578711405,1.2343243223279825,0.00777932687032759,1.2163172911011002,1.2298073208840365,1.2352692735561979,1.2397092588231036,1.2467343172208667,0.00013455304306468315
t_subj.584470675,2.9768973964404664,0.4706800576974472,2.3305093527615703,2.692370030954595,2.86051444742541,3.090785909503997,4.180294767228918,0.019647316531617907
t_subj.586071473,0.7734176656096677,0.151691914806211,0.4427585171009905,0.675824948801869,0.78533269091782,0.8808380390480219,1.0345310164361103,0.002462701332314264
t_subj.589703985,0.9984912915979848,0.011855740567662422,0.9999999999999458,0.9999999999999999,0.9999999999999999,0.9999999999999999,0.9999999999999999,0.001075426124102424
t_subj.605713945,0.9811234696068059,0.0061434242955844265,0.9665425482750339,0.977560217105224,0.9819291152163677,0.9855410717871669,0.9907278161691053,0.00010824470798775055
t_subj.626227255,0.5959442068300933,0.13354405676334882,0.31555347420491886,0.5089238592606959,0.6042187243030585,0.6916741746011867,0.8312530110982629,0.0021852451523599764
t_subj.628308431,1.3002812985046612,0.09277615184045002,1.129926908374607,1.246891670054233,1.293912767003905,1.3416726940094552,1.5108958259760301,0.0015637639346297925
t_subj.630235377,0.8867892661586244,0.025690401472635162,0.8278786843248285,0.872077808964079,0.8895096000407008,0.9051617742691123,0.9294122219360882,0.0004438990402405731
t_subj.642346147,1.0044512562682073,0.005686611296128613,0.9887350935548311,1.0032330420294078,1.0059998292271262,1.0080725223455558,1.0108789248646037,0.00014970663519188837
t_subj.650974545,0.8933691382547717,0.031084608069108625,0.8233908465797788,0.8746768374301792,0.896864925791012,0.9159670715867241,0.9436331272202474,0.0005173507336105523
t_subj.652231699,1.4882137697944704,0.05363519971848528,1.368500391090409,1.4575183787611814,1.4949545466428213,1.5258592591084308,1.5755317375550875,0.0009009026479302543
t_subj.657894484,1.4462907248742098,0.05081948427607187,1.3287594544590935,1.4169832539633263,1.452465224187157,1.48262577401613,1.5277927775579403,0.0008537370748085305
t_subj.664438269,0.8895038681780637,0.14082524761636472,0.5869803358879265,0.8021158875559227,0.9023835090637968,0.9906418805721124,1.1251151359384084,0.002382480502028864
t_subj.673728725,0.856469546633007,0.2425672849275401,0.4287560290413795,0.6733916711113797,0.8369934672753211,1.041363379161056,1.3181212301845993,0.004350458453521264
t_subj.683861923,1.3674041187027886,0.03220182374054225,1.2934817065264625,1.3488115744225664,1.3709604485011202,1.3905684129613953,1.4182364031152903,0.0005505267491128406
t_subj.696039965,1.3758630475499514,0.3259265047052084,0.6091385225168024,1.2711945626261207,1.4476265188371928,1.5686526648844563,1.9421650914084228,0.006771106283346898
t_subj.716236442,1.3909621604615872,0.25742666972645195,0.9697659431777415,1.2286652284804727,1.3640229799627126,1.5314867597421515,2.0590705813630206,0.005155113484607111
t_subj.717256200,1.407731433836851,0.16918820759528916,1.0345065864151068,1.3071632292963904,1.4238941424127076,1.5304884515237318,1.68753367020321,0.002837663069713107
t_subj.718176674,1.1724207534270727,0.044716329318143844,1.0749790672155897,1.1408122056396754,1.183543087162637,1.2076548137635912,1.2344552183005166,0.0008580482531571349
t_subj.720435955,0.9936637813707168,0.12245836353083875,0.7255324694100265,0.9212123840554931,1.004303315111627,1.0798089512903306,1.2089006857479965,0.001934647799938171
t_subj.733093513,1.2782363363917228,0.07309147188586812,1.1136692442072922,1.2348718201636757,1.2871529470088379,1.3318137015473404,1.3917514351716653,0.001507038768488326
t_subj.749079099,1.2240999293994455,0.1176720958173425,1.0754414534223304,1.12408651334998,1.1608808638163726,1.3535485987879394,1.4049516708674037,0.009946077738881983
t_subj.755075290,0.9799265353076247,0.00412698241432483,0.9705975495696584,0.9774076590459446,0.980374909737951,0.9829036727999505,0.9867385254502645,7.654799598101934e-05
t_subj.770588123,0.7376982046493551,0.06692321569624236,0.586934446982565,0.6977873266353518,0.7462147529865867,0.7850586453267044,0.8461313392117824,0.0010187787965815866
t_subj.778697233,1.3140230659426573,0.061371478864990794,1.1792232242450296,1.2691814320652541,1.3314874729875374,1.3611875858538978,1.3973171353389902,0.0011753848456431493
t_subj.779970594,0.8968660725574066,0.035991078216839854,0.815749679753508,0.8752240910716953,0.9006154812595791,0.9232008835293187,0.9548422491275848,0.0008482045913261193
t_subj.789515489,0.7301964169726896,0.1813227504075866,0.3686859386909922,0.6108320562325169,0.7284033931362438,0.8522350001152457,1.08656531270638,0.0030429345093449483
t_subj.796639530,1.0154143453100994,0.1200698026636486,0.878458628773513,0.9376108045241984,0.9658465592071911,1.055114577370223,1.2526050894092788,0.007061194692103788
t_subj.815555952,1.8569328511444751,0.5817464855419093,0.8288505171542841,1.3954175738609023,1.8222258683370212,2.4041696035738256,2.7859670249439947,0.014618754853381136
t_subj.828632181,0.9738922357504182,0.008030843481475687,0.955936205003378,0.9691507525087438,0.9749349888807839,0.9796663956046952,0.9868181089181073,0.00014857089871165335
t_subj.840480197,1.1887974322581911,0.012235277783033335,1.1636401106004188,1.1830162477702482,1.1907853248855238,1.1967041713283633,1.2051125712695445,0.00028625161174899007
t_subj.846755060,0.43705844825740686,0.11398030922956584,0.19861473269042418,0.3615688741898193,0.4414944491690427,0.5189842614182409,0.6467341539453575,0.0021602366767742636
t_subj.860810996,0.9745113872289987,0.11219296899544981,0.7251445608942428,0.9075867051540927,0.9855713378442307,1.0526554476688108,1.1632899459073145,0.0021303603744683075
t_subj.874342939,0.9081023960869404,0.13119300287170987,0.6503369745080926,0.8201467494881359,0.904792782832222,1.0004356849181266,1.1638551514255095,0.0020317171195220695
t_subj.885985637,0.9860301114061139,0.004120368074469541,0.9764856975596129,0.9836556098663262,0.986537387782209,0.9889147899854346,0.992461104122762,7.186512809965677e-05
t_subj.889540573,0.9762487861039137,0.006512011916869966,0.9614293630077123,0.9724590391455101,0.9770522142513361,0.9809043511409874,0.9867096364360906,0.00012485673530338986
t_subj.891299842,0.9486663565565183,0.14939159754525608,0.6229913059012206,0.8586209153451071,0.9625548973050334,1.0557069974128197,1.2038494790658723,0.0024066687078817344
t_subj.894143700,1.8718143542976209,0.2239044221356857,1.3435866354921384,1.74691647094756,1.866301903713233,1.9993917684298899,2.3183733701969915,0.004217735760453155
t_subj.904039471,0.9761283208286821,0.006633109427170803,0.9612802680607178,0.9722650349418959,0.9768377311422535,0.9808830374244962,0.9866881725075269,0.000120645128536639
t_subj.909861321,0.6862723783405305,0.14009223012680277,0.387912820685301,0.5952730849883329,0.6950417240666228,0.7870018924382647,0.9347312339161001,0.0029331687534767904
t_subj.910114803,1.4377340265286767,0.28834691986515615,0.783396078075055,1.2799382384156583,1.5079540626219188,1.651976155571572,1.8431100765506838,0.005716603879668084
t_subj.911960296,0.9709156055662455,0.01938712962507618,0.9319228212325237,0.9591854816790355,0.9705963930539198,0.9813427855435672,1.010780934120521,0.00032323062174947415
t_subj.923162466,0.8641712637754616,0.03646473111982526,0.7809466900439218,0.8436610151367077,0.8692240367074506,0.8898860401981135,0.9219746872226479,0.0007909269053260383
t_subj.931420970,0.5381508282745568,0.1148987292516333,0.27614833059856436,0.4692320265554138,0.5494602379731701,0.6188822996308856,0.732506695359244,0.0022137525705387
t_subj.933260573,0.7493506988205938,0.06356456543960115,0.6087764774434353,0.7129674992721935,0.7570322220824562,0.7948297971573959,0.8518189589487375,0.0013601776821726768
t_subj.945098209,1.2012386203659737,0.05999943898439622,1.0686001885404157,1.1660121671094124,1.199100137726671,1.2405458665878004,1.326162892177283,0.0012594600097609054
t_subj.949645864,1.1498586406369742,0.010838165649253755,1.1274815687664705,1.14354173808243,1.1502031455271888,1.1560962266089363,1.1728246729973013,0.00016590461473787318
t_subj.949879914,0.9675643929744387,0.019268729552018152,0.9305855197735825,0.9560137968878355,0.9673339635346381,0.9781079329058954,1.0098241982851413,0.00033852467893607185
t_subj.956660069,1.0121935135564983,0.041149246661281016,0.9485253177051347,0.9793681444755473,1.0032406919136674,1.0495023424758654,1.0866869640108887,0.0008173158395929032
t_subj.961875421,0.7631822520521113,0.06316201382710118,0.6211735388892216,0.7267623135278105,0.7698169591330982,0.8074858430174345,0.8671612005465157,0.0012549911055814724
t_subj.964326783,1.8423656178533043,0.5006610113211669,0.8413713454457634,1.4969317723400435,1.8604980686027444,2.201280474712786,2.7468030345579546,0.008860516656812128
t_subj.968634301,0.8663016911911855,0.04056694217380549,0.7744002824609041,0.8425398259463885,0.870741598822012,0.8941175589197541,0.932742127480024,0.0006873955298060506
t_subj.971172922,0.977663484118526,0.00590576200377415,0.9647485646682834,0.9741082952597011,0.978256479288278,0.9819734667774274,0.987351201356547,0.00011601334633107988
t_subj.977170877,2.3389553072440092,1.1897971661225086,0.7224140281734952,1.5180539294567648,2.1594839156300587,2.9284936259261753,4.8354923591968495,0.03544902367321295
t_subj.979660929,0.6178606582443018,0.09097348429900985,0.4219391197565637,0.5627334745630238,0.6254840877171072,0.6825602990797389,0.7747492308508708,0.00157779871052963
t_subj.984661157,1.4472068656735073,0.01564541836360056,1.4112065020566678,1.4384186834218993,1.4491745475310756,1.4583953577670095,1.4719209745970054,0.00026600032868605804
t_subj.985750851,3.252274224615903,0.6454485839538128,2.1926826358726523,2.6504808144406584,3.434698833677894,3.868201242241925,4.107012198880211,0.02737134582682128
v_Intercept,0.0007621094192216385,0.015234904103606523,-0.028921335538297496,-0.009507218434750659,0.0008817900078255303,0.011067222001401792,0.02988851884328697,0.00047155820634558045
v_Intercept_std,0.11003463128885611,0.014597579527635447,0.08302039606195956,0.10002136015579495,0.1095118271796196,0.11942669443351062,0.14076498277306163,0.000564454074129744
v_Intercept_subj.2884955,0.035601999109983115,0.0861149202443159,-0.13057558000863073,-0.02289975194154234,0.03518494468840912,0.09198925908574923,0.2015922586182889,0.0013238748187864222
v_Intercept_subj.3964964,0.026282540058026018,0.10046794278311882,-0.1690959144570982,-0.042181088329361245,0.026634260597807102,0.09381074775481574,0.22007580252425862,0.0017062985337544735
v_Intercept_subj.12919430,-0.038031889043701486,0.05647484119487582,-0.14827077290828486,-0.075814040331707,-0.03826093027768922,-0.0004956720177787532,0.07447433351183658,0.0008966367600250745
v_Intercept_subj.34984274,0.038519681752648215,0.065029910085692,-0.08792007682486352,-0.006245346403419588,0.038734577742857906,0.08261328818797606,0.16660089563922287,0.0011450099134259599
v_Intercept_subj.41833230,-0.06056244507260558,0.0699806135438197,-0.2027244991153172,-0.1071238087382663,-0.060840765430372146,-0.012674315699026162,0.0754778376363015,0.0013096731922914622
v_Intercept_subj.43020357,0.00696803783297203,0.09311819610791061,-0.1731793243973777,-0.05674918457184175,0.0067789501061242124,0.07123520264468394,0.1892854358847692,0.0014304155204376532
v_Intercept_subj.48595352,0.44871532356120214,0.08052110518570954,0.29097501752670984,0.394489487272359,0.44714425482275005,0.5005001247520416,0.6110508636298683,0.002320345381053056
v_Intercept_subj.48977487,0.04818290588850889,0.089587292166527,-0.12510640261810088,-0.012754833216730876,0.046806285269425624,0.1083513630316496,0.2241001438674543,0.001583301646706469
v_Intercept_subj.56470734,0.07387581934043302,0.08056986300457038,-0.08334465042087888,0.01888425220767794,0.07359844550929895,0.12762244495526465,0.23489776449984556,0.001333805228333471
v_Intercept_subj.74263281,0.01952170601493164,0.06448240912416972,-0.10959667658198671,-0.023787959944998202,0.020054153327975013,0.0640921974031158,0.1444613262696806,0.0010296000612054087
v_Intercept_subj.75969320,0.08095264289050051,0.09580207456562297,-0.09987724408420456,0.015299426969349966,0.07921636808470708,0.14425890996040702,0.27174223497881655,0.0018482709385207682
v_Intercept_subj.92774005,0.08589987981542001,0.06036977128459618,-0.03382065689962884,0.045288983007557584,0.08503918101575929,0.12601216900381376,0.20496956203391836,0.0009944880376962918
v_Intercept_subj.96226407,-0.1000436643438188,0.05462635345843554,-0.2095213514350256,-0.13579930692266462,-0.09990382761654057,-0.0637373167080782,0.006097565338955613,0.0009358301572396493
v_Intercept_subj.97123322,-0.021520868412900875,0.1067676589023093,-0.2357994981659451,-0.09260280075876538,-0.020090836810790533,0.05071848162668974,0.18487254204074116,0.001585304346756898
v_Intercept_subj.100416772,-0.026269540872713666,0.05258066309281178,-0.1280090651032931,-0.06310835683664898,-0.026308836439311867,0.008902228486007774,0.07830691422775674,0.0008576633335781141
v_Intercept_subj.102783161,0.0022680627427093068,0.10101582645830495,-0.19575120082984,-0.06569657819489194,0.0033453440407342216,0.06861552039661171,0.2016703337608174,0.0014952527591838762
v_Intercept_subj.103303422,0.004844113982273624,0.11012875962681912,-0.21312280995332422,-0.06618127836918469,0.004931136060851465,0.07695487325745956,0.22815723119652392,0.0014067395098173187
v_Intercept_subj.120939072,-0.0013402096346734713,0.07035658582604522,-0.13651286197490015,-0.04797325760237306,-0.002838078117333581,0.04559472131034438,0.13827796813721688,0.0011804402360157216
v_Intercept_subj.129490812,-0.031034808976350994,0.09270205106766974,-0.21371756398096464,-0.09309317278658974,-0.030021476269878,0.032959980590647614,0.1488282272673319,0.0015009208170545087
v_Intercept_subj.130271607,-0.10246121688985814,0.11070444190126069,-0.32907470485103063,-0.17681849179065728,-0.09938441894264985,-0.026700920560783714,0.1050889844355643,0.0018247593675371065
v_Intercept_subj.130941034,-0.06398922051630368,0.09951572661269245,-0.25891259229148567,-0.12944386618203996,-0.06251711950594965,0.004153494772890509,0.12909153686945873,0.0016987785257524454
v_Intercept_subj.134057190,0.0029034769071976346,0.05763861164059894,-0.10572912003838349,-0.03589786115252267,0.002389596708861623,0.04082666807456811,0.11792500075339812,0.0008679730545563232
v_Intercept_subj.147547787,-0.04160028261753573,0.1053009062738374,-0.2569959222825691,-0.10958080620973508,-0.04030085784873094,0.027800212821502024,0.1639093503911982,0.001755858559481799
v_Intercept_subj.148334112,-0.042146527294295376,0.06086825220524008,-0.15814128404818137,-0.08288380834187874,-0.04282635538102386,-0.0010301735218485597,0.08082368999297486,0.0010031481213450377
v_Intercept_subj.176326342,-0.005508081490309081,0.09276939117513384,-0.1867746088397133,-0.06723331982896075,-0.004736851815982976,0.05782459265018103,0.18123682881198072,0.0014224283400614888
v_Intercept_subj.189660560,0.0417007216325883,0.0706610215103068,-0.09853146255666312,-0.005910960836094492,0.04152761567441858,0.08923141247197142,0.18108523591662,0.0010966302487356832
v_Intercept_subj.192065971,-0.019256479241670277,0.05570476131136637,-0.1296473525868478,-0.05702520837164447,-0.019327431526290628,0.01813456388483306,0.09397072709027227,0.0008150841354846985
v_Intercept_subj.218675715,-0.046087532691623974,0.06160971137261765,-0.1669189240305445,-0.08620573650829852,-0.04652403151095741,-0.00476095548501225,0.0704586774545003,0.0011265704076461607
v_Intercept_subj.224184422,-0.01366094105009441,0.060357280090616354,-0.13136228066872618,-0.05432665399049727,-0.013817343393346088,0.02768467904536287,0.10517676603972442,0.0010413878997167104
v_Intercept_subj.224557592,-0.04036593930060046,0.06592702925656822,-0.17035702662018842,-0.08509723215922718,-0.04039494280226867,0.004516331855268618,0.0889989212302858,0.0010936503457302119
v_Intercept_subj.245315813,-0.03368228694457737,0.05901302964309972,-0.14756106784907805,-0.07216074081169627,-0.034203325131273055,0.005114954769185942,0.08211521535057609,0.0010473455866815847
v_Intercept_subj.251264572,-0.08539038210215966,0.05817093204707361,-0.19787266993386043,-0.12440981765525261,-0.0847907743594799,-0.04638446863037715,0.02658521525625121,0.0009210611418437861
v_Intercept_subj.251653297,0.0034992451994663868,0.09809433385162909,-0.18858376745944488,-0.06242555881855305,0.0030649450306420856,0.06923422629615006,0.19379015219301432,0.0016960260216579658
v_Intercept_subj.252234006,0.05388679736336801,0.08876422671433686,-0.11760187235588196,-0.007317243930715173,0.052776576699129524,0.11293858804539882,0.23011787606717848,0.0015378736489798264
v_Intercept_subj.254632445,0.0617702091925068,0.09538684085615434,-0.1168328401953726,-0.005333681054895054,0.06044765779499363,0.12448042060321418,0.256498268143869,0.0015676045581125481
v_Intercept_subj.278773301,0.033461097510011834,0.06147872730296558,-0.08598160288744071,-0.007707532476101078,0.03339609456944114,0.07475047150147907,0.15339152354084734,0.0009598207349185619
v_Intercept_subj.294041592,0.025819602687012326,0.05364439088808441,-0.07946391155840354,-0.009873616415044334,0.02511834371367601,0.061915412267415953,0.13221503753901032,0.0008734161421618158
v_Intercept_subj.299760590,-0.02008689544392684,0.05908455216141087,-0.13212584568666658,-0.061119598268677265,-0.019838799016947725,0.020854403437975816,0.09430634961609818,0.000924507853039745
v_Intercept_subj.312902548,0.011122869775460847,0.0805373426028068,-0.1457482942587849,-0.04401488308892691,0.010990318439387456,0.06543674605947464,0.16537540977845783,0.0012386417415243245
v_Intercept_subj.321769333,-0.011508970612226029,0.06126646203830773,-0.13109372007365433,-0.05297336831410134,-0.010500288771279925,0.030622770639821113,0.1074266490118202,0.0010315218116485145
v_Intercept_subj.324908376,0.08070673579465797,0.05533240365310921,-0.02922785469360238,0.0434660173390427,0.08024575312148746,0.11780650658372227,0.18922327944315503,0.0008704611553689996
v_Intercept_subj.331590088,-0.020699059788271666,0.07263427823105516,-0.16477447403373974,-0.06925045790671963,-0.019726162028861877,0.028366254234158894,0.1201476172139726,0.0012522304696940111
v_Intercept_subj.333010087,-0.047495588649157476,0.05071448216026889,-0.14939267579863458,-0.0809082164563799,-0.04608981468034415,-0.013474349745475067,0.0509744096900735,0.0008138312146456067
v_Intercept_subj.334324861,-0.05107091331139543,0.1027022807685143,-0.2552438095542253,-0.11696027383433663,-0.05230859838275834,0.018193532134177653,0.14845407298276048,0.0016399954540969447
v_Intercept_subj.336172395,-0.05160078012554303,0.10985935218788614,-0.2701421084692649,-0.12567846596887916,-0.0497499013139962,0.02293361658598414,0.1606443938278399,0.0016241911587562385
v_Intercept_subj.349171132,-0.058448705596109665,0.09607722435857788,-0.25186479416581353,-0.12208272244807823,-0.05812843767549469,0.007702354030538983,0.1247384783159673,0.001630700278165745
v_Intercept_subj.350745134,0.13835512736485933,0.07796027681919007,-0.012222225841087883,0.0847826248036084,0.1386906433210794,0.18836489083875205,0.291450945760372,0.0013938488751908133
v_Intercept_subj.351777009,-0.023859695444411015,0.10477454434529687,-0.2330295768960043,-0.09461910469192379,-0.021216315376591938,0.047859423055593625,0.17806217275688846,0.001664905111351788
v_Intercept_subj.355043712,0.07678708468355472,0.05574200247421877,-0.03198305993945716,0.039092158074050976,0.07647761796834032,0.11424819683640906,0.1858069558677253,0.0009268517017787008
v_Intercept_subj.367119634,0.02774414858780014,0.0790701743780503,-0.12799446432953426,-0.02534072584524684,0.026209298642453915,0.07917137610058553,0.18549731893422985,0.0012479419663606484
v_Intercept_subj.374844073,-0.03249029860803172,0.06587534795293533,-0.1566211150665985,-0.0772946220756344,-0.031791119221867406,0.0129194945271221,0.09549223197096704,0.0009673559947226279
v_Intercept_subj.374999420,0.05350152322950185,0.05828887856452734,-0.05704479172730092,0.014029251422794778,0.0524048289786935,0.09235197397577165,0.16694058025955189,0.0010863872444859812
v_Intercept_subj.394422911,-0.07914624834294293,0.056399642553299156,-0.18933656813964317,-0.11640754890164659,-0.07861363905628166,-0.04157217560859386,0.03128132545125345,0.0009815518737245556
v_Intercept_subj.396122776,-0.007496770918495991,0.05752653410115702,-0.12126142696815315,-0.04559698092303022,-0.00729340342344794,0.03021521679941351,0.10816337179431157,0.0008335567511149857
v_Intercept_subj.408368411,-0.03245862005420307,0.0967713907697926,-0.2309908661144626,-0.09619308506987079,-0.030284202776654973,0.03276441437034519,0.15460912494301304,0.0016972455629473665
v_Intercept_subj.432332461,-0.01852582628310738,0.09630429695575908,-0.20572116446269564,-0.08062822928639446,-0.020188340312103453,0.045160510030676004,0.16987744568024776,0.0013962312019424584
v_Intercept_subj.433311086,-0.04605458443748289,0.05767447122815971,-0.1589770261494175,-0.08516866233598386,-0.046108138867333726,-0.007418948889934662,0.06879226924553988,0.0009602482721373891
v_Intercept_subj.446421117,-0.02086560562407904,0.10472046927349676,-0.22994061775159383,-0.08923426719411848,-0.020605714792283902,0.04882004567944079,0.1838930800546466,0.00176285971837686
v_Intercept_subj.449943813,0.0012189972616966412,0.0638614631898656,-0.12179920112834557,-0.041575137440228366,0.00018018103320104062,0.044391310063442935,0.12504573621498466,0.0009547278458048975
v_Intercept_subj.452249694,-0.18895372603138175,0.06440589939139128,-0.316663972436929,-0.23254461336797405,-0.18910401462113005,-0.14439913671581467,-0.06385736022686789,0.0012034817451266524
v_Intercept_subj.455194813,-0.0008403446922364618,0.08336772408107412,-0.163824645665836,-0.055172753791372986,-0.0021714632493228525,0.0540170906770448,0.16225839519824725,0.001236255939234177
v_Intercept_subj.455717130,-0.01177943361343845,0.05837246766494983,-0.12619912991256008,-0.049634703604059166,-0.011744037187233741,0.02658564698546441,0.10501748541123396,0.001080410768174941
v_Intercept_subj.492518259,-0.004749619602325393,0.07755175407113751,-0.15683796683516427,-0.058155795752681705,-0.005121820102071212,0.04701816316359725,0.14853507763776042,0.001237953500014799
v_Intercept_subj.502901314,-0.04149020100553113,0.05207993179248204,-0.14476156135696636,-0.07539383355390249,-0.04196661633481319,-0.006780119385018352,0.058810170822680585,0.0008612430636836784
v_Intercept_subj.504663288,-0.032464473057237736,0.05380371102409518,-0.13751417920298592,-0.06723933747033584,-0.03255506594768634,0.0024293590945801136,0.07358741627035903,0.0009672783920347085
v_Intercept_subj.507157861,0.027315035341443843,0.09417129855903397,-0.15768746043238524,-0.03736437764790253,0.028155883740540733,0.08916061837253579,0.2098513843881138,0.0015189843504634644
v_Intercept_subj.507740391,-0.025928774445372053,0.06626067963032106,-0.15402978849513774,-0.0693646879218307,-0.025962893946494425,0.017913304949818937,0.10161553768261877,0.0010351243218924937
v_Intercept_subj.514268702,-0.02040090912946212,0.10024187296768672,-0.21785292539527,-0.08693470931820399,-0.020068245873648832,0.04691443680542015,0.17830130811042288,0.00137416467701831
v_Intercept_subj.522579064,0.034125391678127434,0.05308704526877709,-0.06891950130609556,-0.001540473529949328,0.033592448439415196,0.07042183491858793,0.1379965249773899,0.0008991476806980735
v_Intercept_subj.534449063,0.030103715316393127,0.061624798732533695,-0.09020512556587215,-0.010519533177011361,0.03017789534546833,0.07035573774749143,0.1496464984488337,0.001023284459132507
v_Intercept_subj.539422517,0.03733505044052943,0.054930187737482296,-0.0680971113598023,-0.0006361852195473708,0.03693887758951381,0.07503101459667089,0.14344179657340372,0.0009041412701461055
v_Intercept_subj.546064836,0.1020360011308061,0.09272369695303122,-0.07336831076179126,0.03749777658689763,0.09948954993722664,0.16463009280203705,0.28419307191734067,0.0017160515919308482
v_Intercept_subj.561564728,0.01759590634504959,0.06132673820688057,-0.10187515783482212,-0.023866575838150564,0.017873587353067738,0.05867671430666804,0.13694280589097635,0.001070779341997358
v_Intercept_subj.563121476,0.05264223140622945,0.10203797432279953,-0.14434173920594812,-0.015394075826499626,0.049049326312218394,0.1222431564276616,0.25553416044737076,0.001853783576016828
v_Intercept_subj.578711405,0.05325984415548559,0.10208634583519993,-0.13972954771558604,-0.016371550959113787,0.05102988131303669,0.1213641431293214,0.25809750401195747,0.0017071186953504576
v_Intercept_subj.584470675,-0.08119241772773696,0.05833339574908686,-0.19752993924864182,-0.12028564973719523,-0.0808825703164522,-0.042709339227272186,0.032447195951706864,0.0008607294707295302
v_Intercept_subj.586071473,-0.04524513694940416,0.058830298097839344,-0.16106379700576903,-0.08482327702587125,-0.04544070962247719,-0.005437239034884411,0.07056890427617657,0.0009666320666321488
v_Intercept_subj.589703985,0.0002619873700459785,0.11094089656582029,-0.22032429157272257,-0.07184678651728746,0.0008005197634078087,0.07507815405776061,0.2169987559251783,0.0016709870220484838
v_Intercept_subj.605713945,0.006421132936899183,0.10557814743697481,-0.20086996831787093,-0.06367211088892043,0.006751516355273518,0.07634400625823184,0.210052934500933,0.001597265215985735
v_Intercept_subj.626227255,0.015254622819975345,0.06492330818246243,-0.1126420468732861,-0.02849584043462296,0.01499124932480879,0.06051740586541812,0.14073893117087427,0.0009782358574206788
v_Intercept_subj.628308431,-0.013185092890326284,0.07381954125095741,-0.15748850822794236,-0.06244773367852578,-0.01348092339963966,0.036075256686412205,0.13270490204928254,0.00125829591628955
v_Intercept_subj.630235377,0.03703054371802485,0.08862667339123813,-0.1350859248157137,-0.023081592628209552,0.037266420960924584,0.09557182386152768,0.2116670700419027,0.0015978701094155894
v_Intercept_subj.642346147,0.023750410202957498,0.11086628129293416,-0.18783407801220386,-0.05087842157377233,0.022869749308927045,0.09529230948000564,0.2472261106014434,0.0018862895872639965
v_Intercept_subj.650974545,-0.014166009322250954,0.09155325915373784,-0.19159665790898622,-0.07649967392716249,-0.014576135643638952,0.04602835156213228,0.16607644429494078,0.0014049131113278498
v_Intercept_subj.652231699,-0.09250569644948832,0.07689735954917298,-0.24396108680260747,-0.1431362500209429,-0.09300886368706346,-0.04010420995980046,0.057489151544862116,0.0012737431126964099
v_Intercept_subj.657894484,-0.18640343814936094,0.07964761225559709,-0.34822711461787836,-0.23891739314141733,-0.18549768570509767,-0.1327778122548989,-0.03218796936284052,0.0015164025437645016
v_Intercept_subj.664438269,-0.0643332252525909,0.05959884254219179,-0.18110239639879716,-0.1040147959452902,-0.0648493273654568,-0.023266072994847842,0.05222529645037549,0.0010083775742454123
v_Intercept_subj.673728725,-0.04002701345110557,0.05757715707861347,-0.1560937147089922,-0.07843252371070003,-0.03973726282176265,-0.0015747116684967505,0.07027456515453223,0.0008796514719824029
v_Intercept_subj.683861923,-0.0098437246080788,0.08921681682971382,-0.18168847894080467,-0.07157297623942459,-0.009744687105438687,0.05146645684492605,0.16496576972471516,0.0015969105847040547
v_Intercept_subj.696039965,0.020526607320238564,0.05960115107785458,-0.09728311134678674,-0.019707063465327357,0.02080089454095828,0.06101911789640113,0.13577676565520158,0.0008544176922729331
v_Intercept_subj.716236442,0.040222282229974364,0.0602188695134157,-0.07792824304096502,-0.0002143787771281963,0.04014981023873732,0.08027019981690647,0.1578562700662736,0.000985612479107794
v_Intercept_subj.717256200,0.11264785079784871,0.05523201575306747,0.004469913780124957,0.07617004614265258,0.11267800631429131,0.1499454435546513,0.2221327153940384,0.0009578580770809913
v_Intercept_subj.718176674,0.004101193616033026,0.0905951860096227,-0.1713201031196791,-0.056084433684605375,0.004314788821761284,0.06566001366260474,0.18381427097746753,0.001517433275302998
v_Intercept_subj.720435955,8.486540301335833e-05,0.0634530664466558,-0.12643033340566423,-0.042614514104962226,0.000513380531665289,0.04233266829229951,0.12169309904887082,0.001133542621476531
v_Intercept_subj.733093513,0.07216551751052286,0.0758057908528704,-0.07532875683100247,0.02134696513952533,0.0733442326886936,0.12048212393330618,0.2238658957475583,0.001275642695319478
v_Intercept_subj.749079099,0.10008248755921773,0.09305380172620639,-0.078127917301644,0.036899193767246805,0.09872933966117543,0.162693109624204,0.28535881908763094,0.0021286132285934533
v_Intercept_subj.755075290,0.03407924651833889,0.10725999873588662,-0.18034599764842674,-0.03664101554023652,0.03149832463195956,0.10523362950039475,0.24714207094539603,0.0020155500347606705
v_Intercept_subj.770588123,-0.05211573444176653,0.07332082184534483,-0.19780826847715122,-0.09896308438146297,-0.05203936748729354,-0.0030857824328772154,0.09039854090195515,0.0012922624238594182
v_Intercept_subj.778697233,-0.06638983525817117,0.08517815827315012,-0.23908383039917255,-0.12248464651264465,-0.0640648115516772,-0.00965062178489709,0.09873827414146141,0.0014416806052175812
v_Intercept_subj.779970594,0.2121292059444941,0.10433839586109936,0.016504000273054854,0.14169204694710585,0.20810767566166566,0.28063757169719783,0.4289123848299134,0.0021607247899106717
v_Intercept_subj.789515489,-0.09950939377391277,0.05566318749162036,-0.21355245674269177,-0.13544997597384578,-0.09812912221063108,-0.06301667178875073,0.007015105214422779,0.0009571070382280389
v_Intercept_subj.796639530,0.014369092798524103,0.08724372382828582,-0.16123860311878696,-0.04151060606482025,0.013639838553719731,0.07109292668594763,0.18858965091949992,0.00132075098982599
v_Intercept_subj.815555952,0.019303500498625552,0.05295053030307215,-0.08450133089508971,-0.014438224055948938,0.0182521072458927,0.055402564712562496,0.12304307804655257,0.0008947933855179312
v_Intercept_subj.828632181,-0.030677321978668147,0.10579217516880449,-0.2407225572339149,-0.10059312427014429,-0.027713718811441385,0.03694837893380909,0.17143512681685047,0.0021263273642104182
v_Intercept_subj.840480197,-0.011770187395640433,0.10631071688531761,-0.222883703800834,-0.08198880665752707,-0.010284638030324755,0.05806388208637214,0.1968970179866829,0.0015824067529665198
v_Intercept_subj.846755060,0.08256867145237458,0.06166180673954376,-0.04023985483147047,0.042251863833545636,0.0814609088024933,0.12448760048293746,0.20529026884200255,0.001086462774553031
v_Intercept_subj.860810996,-0.027322995837598032,0.06960072757746913,-0.16216598475990884,-0.07328262458443782,-0.027545784771260393,0.019010784159394223,0.11194818925917865,0.0011417814603302476
v_Intercept_subj.874342939,-0.010639623522661203,0.06673913029834,-0.14185393546892744,-0.056027238807033614,-0.010842745968358145,0.03400607342057774,0.12147821613800752,0.0009272197335068722
v_Intercept_subj.885985637,-0.028366194337170404,0.11009408044282186,-0.2474747490326577,-0.10237331194442575,-0.0257590715583024,0.04446815169835466,0.18791089430932228,0.0016939225933757889
v_Intercept_subj.889540573,-0.04373130169273264,0.10482637848801599,-0.2579712548487823,-0.11093699020162473,-0.0404167877374287,0.028048140128712012,0.15387847661316295,0.0015708776148840712
v_Intercept_subj.891299842,-0.032746995488547086,0.05608878293981123,-0.14385055638580457,-0.07090415367948641,-0.0333068897175228,0.004710023014100034,0.07626216178142334,0.0010245438357132047
v_Intercept_subj.894143700,-0.0945179740120948,0.06342514988497451,-0.22432206009807312,-0.13718294120307867,-0.09375171945055397,-0.051951847977908916,0.029012460907345827,0.0011605247900006368
v_Intercept_subj.904039471,-0.010818928011272693,0.10811432410515899,-0.22502711249094803,-0.08219546502395766,-0.010495135836953134,0.05910044151239072,0.20628305709533457,0.0015853941826737435
v_Intercept_subj.909861321,0.025314536694786612,0.06751836246135136,-0.10629066312040826,-0.01976763876698774,0.024935162795714658,0.0704286990783492,0.15989860736805223,0.0009686756847664282
v_Intercept_subj.910114803,-0.040135008517942564,0.054699296710893505,-0.15098782714060857,-0.0760776776715916,-0.04006064040517503,-0.002474462313225359,0.06771561312183128,0.0009439823397991694
v_Intercept_subj.911960296,0.010600813985481298,0.09941230676655467,-0.18105322248463784,-0.05508273113835405,0.008855905333967046,0.07593355080307468,0.20738317870774847,0.0016904366899530578
v_Intercept_subj.923162466,-0.14073617460578858,0.09489853906075736,-0.33407468575293253,-0.20331412800523166,-0.1387222758069188,-0.07577425833187384,0.04067881546925056,0.001676790423192694
v_Intercept_subj.931420970,0.006791780124160199,0.06749272128784509,-0.12272165268596753,-0.03855648850059372,0.005877501404045565,0.05056962447576038,0.14411497205213933,0.0010587127260882098
v_Intercept_subj.933260573,0.3580655002454767,0.09759774621620425,0.1741615596332927,0.29112508135719883,0.3567427613750423,0.42117655342720844,0.5494217876441777,0.0027449223533323472
v_Intercept_subj.945098209,0.05918652979808005,0.09285624114053521,-0.11701149028960169,-0.004773490699475247,0.059483388824795785,0.12019922389145954,0.25069244679115466,0.0016216503892039103
v_Intercept_subj.949645864,-0.004530200707694867,0.10348951008948187,-0.20785474226466127,-0.07433973080725546,-0.0029076532188216098,0.06288185931248796,0.19968214811778728,0.0016976317972236781
v_Intercept_subj.949879914,0.006200905025499949,0.09777387295088437,-0.1871677443270607,-0.06125205054079039,0.005037327123035812,0.07216930784798731,0.20083792966262326,0.0016479518602010002
v_Intercept_subj.956660069,0.015170536777612414,0.09362599285227582,-0.17255049513112047,-0.04706407657728781,0.014537654699762259,0.07750432969825775,0.1951296263325778,0.0015950985260616563
v_Intercept_subj.961875421,0.0012128719573623178,0.07325720885539892,-0.14447506513911426,-0.046610018918007375,0.0020335303769897506,0.050057633459209994,0.14603652424046476,0.0009152630231449514
v_Intercept_subj.964326783,0.003692524025495009,0.05788767465960138,-0.10732697176148792,-0.03559313494302045,0.004025332239634305,0.04280499171720385,0.11650161253858163,0.0009015631660933571
v_Intercept_subj.968634301,-0.044000134167745376,0.08564318706980674,-0.21674235815135368,-0.09995738037843022,-0.044415947390534824,0.012010276855390578,0.1244140791660247,0.001360359102318306
v_Intercept_subj.971172922,-0.0116662315163764,0.10456554058319703,-0.21926070886615667,-0.08359297843260965,-0.012715143420324648,0.05928193103339757,0.19040778258642205,0.0016147794282068007
v_Intercept_subj.977170877,-0.026979011654396926,0.057910083779658304,-0.14353040820350638,-0.06466692096575045,-0.025925924622836216,0.012254011159088418,0.08504210292209913,0.0009587623649426382
v_Intercept_subj.979660929,-0.026809289864841292,0.06472155501565863,-0.15809721345861563,-0.07003614553753129,-0.025750014060321097,0.016938329532402846,0.09902615216450833,0.0011072036794492934
v_Intercept_subj.984661157,0.0006064975726252587,0.09823949977685616,-0.190423867590172,-0.06519980208275895,0.0005865702764281389,0.06700282962471815,0.1941498409880354,0.0015953668441954015
v_Intercept_subj.985750851,-0.02803722601409535,0.05537214142651445,-0.13458279127532846,-0.06729164963823027,-0.027046407188136556,0.009714405280605937,0.0807551904726493,0.0008766348341480221
z_Intercept,0.5162303872107114,0.004536372242895487,0.5073946752941085,0.5131392842035568,0.5164054545286625,0.519266811015094,0.5251004438892135,0.0002491344993203184
z_Intercept_std,0.06438614044435341,0.027940914010051138,0.012441426394634775,0.04471407928498588,0.0637950857618743,0.08466462596737231,0.11983001116454085,0.0023121784141614653
z_Intercept_subj.2884955,0.5125315553165599,0.0163661256359632,0.4771872022985687,0.5027761644621764,0.5139197304167648,0.522913122648108,0.5434309906817395,0.00041521547650671183
z_Intercept_subj.3964964,0.5065258952526317,0.017118713426934638,0.46774420043651416,0.49666158606500443,0.5085455597993509,0.5180708379995518,0.5352844919679784,0.0006536956981805282
z_Intercept_subj.12919430,0.5170283418250995,0.01593724909891848,0.48338670949295315,0.5075293416994221,0.5174495230055262,0.5262091027990917,0.5502898452498631,0.0003214164366304536
z_Intercept_subj.34984274,0.5186881320943738,0.016572720753666496,0.484414732336595,0.5087283704838493,0.5185752655402104,0.5283651641758398,0.5523397963866741,0.00037643395785888137
z_Intercept_subj.41833230,0.5086258241146802,0.016757553651561768,0.4713882449069241,0.49926944784804955,0.5107169137683545,0.519537195952062,0.5382963419666914,0.0005913831179703624
z_Intercept_subj.43020357,0.5195774992332091,0.01591203663533754,0.4894309807981385,0.5097612702164749,0.5189968514523471,0.5284945539168728,0.5535345429354169,0.0003671793830561235
z_Intercept_subj.48595352,0.5366639766053546,0.02341028123413631,0.5028713081407226,0.5206534169674605,0.5315170196180327,0.5489521195558068,0.5930386207077166,0.001258696997506576
z_Intercept_subj.48977487,0.513681078058562,0.01625575181013041,0.4786537498977658,0.5042832053967845,0.5147586145451067,0.5236564729955833,0.5441908335507458,0.00039168290256835455
z_Intercept_subj.56470734,0.5127523814500556,0.01574556318350262,0.4789434945492291,0.5034731291515692,0.5138698273676697,0.5224741691809934,0.5427831019104417,0.0004169095358789122
z_Intercept_subj.74263281,0.5084169134533422,0.016852681639400846,0.4712038571337791,0.4983906580056848,0.5108177115033063,0.5200049958933292,0.5370096137303947,0.0005755794219930235
z_Intercept_subj.75969320,0.5291676923671367,0.017956906750735527,0.49938503028537506,0.5172627433657203,0.5264179757026213,0.5397192574988802,0.5715436668220305,0.0006999586587072012
z_Intercept_subj.92774005,0.515241856182764,0.015609425180733813,0.48240265916826175,0.5057448468649456,0.5156869438373964,0.5248418960049795,0.5473889031587263,0.00032955745126689854
z_Intercept_subj.96226407,0.5146282797877038,0.016864867123294748,0.47851218361728953,0.5049706982116952,0.5155460500587637,0.52471846782977,0.5486879519019839,0.00035977179425084494
z_Intercept_subj.97123322,0.5150313736780475,0.015587896922651044,0.4819598773866598,0.5057385016499627,0.5156805401503431,0.5243205375661576,0.5463178852207832,0.0003281956739631132
z_Intercept_subj.100416772,0.5198358591170704,0.016459309761149725,0.485791776875973,0.5102658233339312,0.5192562278584247,0.5287506577386211,0.5563072863016759,0.0003880609668708827
z_Intercept_subj.102783161,0.5184592546564311,0.015767991382980368,0.4858730344466273,0.5090636662029924,0.5182260415915219,0.5274736263847927,0.5510561224488579,0.000327504679087181
z_Intercept_subj.103303422,0.5132327767579948,0.017810391823339478,0.4727631552287351,0.5035563726471383,0.5147384711872398,0.5238382596157011,0.5468162098246068,0.00041150771818921576
z_Intercept_subj.120939072,0.5154874788708266,0.015856776873900146,0.48311683872881317,0.5062098362705583,0.5158046345862375,0.5250470048457626,0.5467754450851662,0.000357671461595884
z_Intercept_subj.129490812,0.5165123587564484,0.015456786941147587,0.48498639390797954,0.507026006783797,0.5167806454838757,0.52562305126896,0.548787714465407,0.00033494279312674355
z_Intercept_subj.130271607,0.5087122216844768,0.015979834471377505,0.4727824321091566,0.4994438111167295,0.5101245428002043,0.5193850825245108,0.537415422516457,0.0005119347673418327
z_Intercept_subj.130941034,0.5147286556794438,0.015018169930375823,0.48323635208263577,0.5055537372853315,0.5155084670708697,0.5238914653618737,0.5449348611656675,0.0003013844354864174
z_Intercept_subj.134057190,0.5146574237347935,0.016538581396070253,0.4795243025250492,0.5051595169622533,0.5152683583634144,0.5246153562261701,0.5480382540592292,0.0003569373188834423
z_Intercept_subj.147547787,0.5191410539068151,0.015990975457326397,0.4875526330897023,0.5096311685866625,0.5187896022330107,0.5283756469228159,0.5527951444535383,0.00029774804444961247
z_Intercept_subj.148334112,0.5152986714605785,0.01631557599078573,0.48005436584466954,0.5060401097241365,0.5159768540949893,0.5251171309977617,0.5471765677171889,0.0003648761095368804
z_Intercept_subj.176326342,0.5169452684409831,0.016347038040333266,0.48386418762558625,0.507157602014421,0.5173613198033589,0.5261092222940109,0.551360194772248,0.00031597615273613736
z_Intercept_subj.189660560,0.515100598765463,0.01794734489559003,0.4772458234113343,0.5048577984827064,0.5155015706515816,0.5254972482682849,0.5526011633903989,0.0003593465162339158
z_Intercept_subj.192065971,0.5210471108039457,0.01654435100851829,0.488715620442179,0.5111461043886902,0.5203624376770339,0.5300121499144328,0.5563208650111321,0.0003638273492039508
z_Intercept_subj.218675715,0.5068486031444169,0.017729666553194256,0.4657063899741939,0.49665539889629234,0.5087380452775007,0.5189833286144611,0.5368664204353663,0.0006419853209033357
z_Intercept_subj.224184422,0.514543746766385,0.015969328391911907,0.4815888581273116,0.5050615321586633,0.5151008380541067,0.5239659058255828,0.5472160137958747,0.00036252715289980476
z_Intercept_subj.224557592,0.5261209145269028,0.017494525107908505,0.49525942087654473,0.515287248269257,0.5240744718935705,0.535385865510629,0.5673052763888445,0.0005639146606292544
z_Intercept_subj.245315813,0.5038840565453214,0.018558366756194416,0.45957292419245055,0.4938197974166569,0.5062629154793946,0.5168610620189916,0.5340107511681901,0.0007751495911253612
z_Intercept_subj.251264572,0.5109633881828579,0.017352933057221402,0.4719810364524628,0.5014425850460706,0.5126428358412224,0.5217551650813115,0.5433332902540615,0.0004694984058565579
z_Intercept_subj.251653297,0.5136536168476257,0.015613422321553357,0.4800073615666317,0.5043786407043226,0.5145286192818915,0.5231661489504028,0.5446967581205571,0.0003483014829002365
z_Intercept_subj.252234006,0.5287165084293678,0.017796426094915524,0.49958031442259165,0.5168529878340106,0.5262089686573419,0.5381322469234887,0.5709563263213494,0.0007011523598714938
z_Intercept_subj.254632445,0.5198045343247756,0.016047852893233183,0.48728964901643645,0.5100629947965282,0.5195861548491878,0.5293144480561344,0.553093495365241,0.0003293034144811572
z_Intercept_subj.278773301,0.520086368966767,0.01629307275578474,0.48818742514255636,0.510513730992616,0.5196555536494583,0.5292241194355214,0.5556503894139665,0.0003414449073058692
z_Intercept_subj.294041592,0.5106544758942507,0.01653557083459828,0.47429856826238637,0.5009967411600967,0.5118415931923452,0.5212604288632698,0.5412271713726483,0.00048643950014437006
z_Intercept_subj.299760590,0.5244378471786293,0.017368451030162862,0.4931643145697465,0.513719693730072,0.5227905825371838,0.5336958602440367,0.5636924276455394,0.0005156815567236366
z_Intercept_subj.312902548,0.5193940782802007,0.0157970940575746,0.48789809343940044,0.5097534797363198,0.5189610290307975,0.5282998884204722,0.553237445652718,0.00030985671992672783
z_Intercept_subj.321769333,0.508024425371803,0.01713392179295155,0.46907611103878855,0.4981738324370943,0.5100092497767624,0.519614254253658,0.5374568197820306,0.0006082535721277858
z_Intercept_subj.324908376,0.5170953575291843,0.01610278728746302,0.48338301522597776,0.5075703941868758,0.5173744311770705,0.5266973699747977,0.5497644292167753,0.0003136335472732016
z_Intercept_subj.331590088,0.5273336049488397,0.017249977852818527,0.4978486983570509,0.5161064740199633,0.5253554799060549,0.5370533645886427,0.5659404101420519,0.0006099697308010725
z_Intercept_subj.333010087,0.5169130331272457,0.016733824249645597,0.48220325408544357,0.5070374323608494,0.5171070959047452,0.5265459062152748,0.5511415994850029,0.0003544542411749675
z_Intercept_subj.334324861,0.5159597692585124,0.018115586102141572,0.4786001002487593,0.505461080831201,0.5162825045074553,0.526210585292404,0.5531990888221766,0.00038943553869745745
z_Intercept_subj.336172395,0.5132191453268056,0.015656648646310025,0.48002876197764655,0.5041206536139712,0.5141953062527163,0.5230983582743612,0.5436373676527821,0.0003722051988746218
z_Intercept_subj.349171132,0.5075199260578699,0.017075687753361057,0.46834690796786566,0.49769162680767887,0.5095909391815933,0.5190682745354416,0.5372084276556828,0.0006154491205301174
z_Intercept_subj.350745134,0.5077412487434874,0.017049601257785877,0.46831429671781244,0.49830896167308536,0.5095519322895449,0.519100225144395,0.5381843255166454,0.0006141315428403131
z_Intercept_subj.351777009,0.5158576887155177,0.01575752957181096,0.48372261602477934,0.5065134058185838,0.5164934240116261,0.5255707734372582,0.5466679546894,0.00032454242066998066
z_Intercept_subj.355043712,0.5304638781905786,0.018278085728666387,0.5007535091359687,0.5182056013153316,0.5276388748377953,0.5399535206649936,0.5733440298621492,0.0007405752420257958
z_Intercept_subj.367119634,0.5144930138548754,0.01584907762248404,0.4805751125341889,0.5052184625800523,0.5154445554625955,0.5239191796551896,0.5450704524978385,0.0003252852481855718
z_Intercept_subj.374844073,0.5169050912244048,0.017730576195288717,0.47903856451190147,0.5068004134177247,0.517175124992568,0.5270247477087545,0.552777230276061,0.0003920651019289721
z_Intercept_subj.374999420,0.5263199789294414,0.01740088289029287,0.4964164132738375,0.5152054996396982,0.524357468880852,0.5357964104896478,0.5673067472286579,0.0006218054724157442
z_Intercept_subj.394422911,0.5222858763149031,0.016463636330994364,0.4915464692192296,0.5122470840197101,0.5214645872097583,0.5311753558609053,0.5582727206004555,0.00044030839721254317
z_Intercept_subj.396122776,0.5178652044830211,0.016765127309377934,0.4846489213469619,0.5078694424766351,0.517626781026921,0.5273060328304086,0.5531836028539724,0.00035094643511491815
z_Intercept_subj.408368411,0.5191927328829026,0.015724821710207663,0.48788538269544457,0.5096203209597187,0.518896337236992,0.5282085222086654,0.55240197237149,0.0003189229007527166
z_Intercept_subj.432332461,0.5198071958563742,0.016391483133416256,0.4886861687784538,0.5096756882325534,0.5193636006286785,0.5289693669106055,0.5547823047612448,0.00036406173685049815
z_Intercept_subj.433311086,0.5122673194039445,0.01675552801683297,0.4760445746488345,0.5025297619268408,0.5136772907185871,0.5227455736644251,0.543743107251492,0.0004439952994098156
z_Intercept_subj.446421117,0.5273769564671085,0.017160810709039243,0.49731417874445055,0.5159053057490354,0.525660209342309,0.5372439950578627,0.5651860522390126,0.000613100972961881
z_Intercept_subj.449943813,0.5226859631092308,0.016568869129614472,0.4920748949695614,0.5125677870627445,0.5215225413459904,0.5313184431487195,0.5607882819731222,0.00045374694348343183
z_Intercept_subj.452249694,0.5123840224825867,0.016584627170129772,0.47626116774734567,0.5026923320631277,0.514026257814081,0.522895538700846,0.5437276591085053,0.0004331755219989482
z_Intercept_subj.455194813,0.5115532449177702,0.016858689555165077,0.47375226426319533,0.5019608778380232,0.5131491151246743,0.5221524868305979,0.5420167818856568,0.0005530603596111074
z_Intercept_subj.455717130,0.5071349890003306,0.017499465235284378,0.46785286578309404,0.4970662234790421,0.5089953171788144,0.5191319696699167,0.5367675926501739,0.0006233801025274973
z_Intercept_subj.492518259,0.5131192315313732,0.016084276570608173,0.47869211661149935,0.5037865992648115,0.5142487318436731,0.5229219857076273,0.5446572122857022,0.0003857958584776217
z_Intercept_subj.502901314,0.5233653387227039,0.017480116680582528,0.490149878676309,0.5124739867838627,0.5223846052670691,0.5329014401921605,0.5616462854012363,0.00044122307347285755
z_Intercept_subj.504663288,0.5277922733755415,0.01769156710457241,0.4980935253745585,0.5162803577559755,0.5254137914856613,0.5372127894167882,0.5692611572006532,0.000657552980971805
z_Intercept_subj.507157861,0.5084780479010823,0.016962854456000674,0.4699729571038353,0.4988892429831013,0.5102649020474338,0.5196189509321527,0.5381188758977886,0.0005844627899443636
z_Intercept_subj.507740391,0.505977131771524,0.01738245135395339,0.46680680464927543,0.49548418374743053,0.5082521260160631,0.517954402560126,0.5357202108812924,0.0006430977378547464
z_Intercept_subj.514268702,0.5070515441780368,0.01689070744722931,0.47008815908001056,0.4971408860809196,0.5088252734178367,0.5184421925311129,0.5361361520906175,0.000589057120935128
z_Intercept_subj.522579064,0.5161256156840518,0.017312801716616758,0.4799073821422458,0.5062365952446203,0.5166708645120425,0.5264505502316761,0.5516714059750534,0.0003902565443204028
z_Intercept_subj.534449063,0.5250509544996187,0.01692236086894889,0.49469686363973303,0.5144190237895028,0.5234355960694478,0.5345037292945218,0.5619738298269568,0.0005483869979843563
z_Intercept_subj.539422517,0.5171290630067854,0.017255126582434742,0.48186138478016854,0.5070307651235244,0.5171031659968763,0.526813637483233,0.5523683049630271,0.0003359569856377552
z_Intercept_subj.546064836,0.5294309862348017,0.01800356126632657,0.4995855631492361,0.5171409355148359,0.5269393310956896,0.539736293027974,0.5716219186417244,0.0007421630192333148
z_Intercept_subj.561564728,0.5192787115280193,0.01614207218955659,0.4873807252610795,0.5092832073484418,0.5189018382930123,0.5286770269254674,0.5526301471220278,0.0003660175419569578
z_Intercept_subj.563121476,0.5105556818402509,0.016091035391326662,0.4753760488419402,0.5013448722230153,0.5123007903915006,0.5211099116565122,0.5393123919257603,0.00046365092945060147
z_Intercept_subj.578711405,0.5214828517524159,0.015836101680364097,0.4912237720742365,0.5116717163855352,0.5204573888178126,0.5305692135500645,0.5570206195817088,0.0004071915392932017
z_Intercept_subj.584470675,0.5158998004385674,0.01702979113956512,0.4798703759748054,0.5060361436521507,0.5167594195110825,0.5257997500574739,0.5509659857545224,0.0003796013380994622
z_Intercept_subj.586071473,0.51886768569138,0.016151977396190623,0.48718602215198564,0.5088736604543991,0.5183546322826075,0.5277866433301766,0.5539518372383169,0.00034416909691664427
z_Intercept_subj.589703985,0.5153972980661233,0.016952912330220525,0.4794049544169289,0.5052459810170769,0.5160909490554075,0.5255287399754685,0.5489791041061692,0.0003837390875767692
z_Intercept_subj.605713945,0.5158701053010735,0.015471945146416328,0.4841825058084165,0.5068282098523897,0.5162958045523515,0.5254037514950821,0.5466793278961686,0.00032497894979227116
z_Intercept_subj.626227255,0.519189116576071,0.016443680634969485,0.487039663445528,0.5088967272113801,0.5190206185947326,0.5285304236697252,0.5540173012961472,0.0003086609727013077
z_Intercept_subj.628308431,0.5090405834858287,0.01699605215636502,0.4706487321349004,0.4991766414207316,0.5108132836589923,0.5202542922497037,0.5388181866582651,0.0005885676941397688
z_Intercept_subj.630235377,0.5184601827769677,0.016102242288300962,0.486313727735044,0.5089163760450203,0.5184383691707493,0.5275204920175067,0.5527070973195831,0.00033749813804877514
z_Intercept_subj.642346147,0.5200548851481361,0.01604002685506367,0.4883857779860663,0.5104453860620864,0.5195984626450947,0.5288748336760151,0.553419467404751,0.0003492973407192531
z_Intercept_subj.650974545,0.521505192833502,0.015692153311856704,0.49151981586064347,0.5117289826151931,0.5204391243817245,0.5303207508095361,0.5561465480769484,0.00036289883516026804
z_Intercept_subj.652231699,0.5200090434609799,0.015927990469311735,0.48942117668201385,0.5102035753251202,0.5194271411142574,0.5292600929128133,0.5534745971883583,0.000335774095283932
z_Intercept_subj.657894484,0.5244427308683731,0.01636481484063248,0.49540424660288795,0.5140501736336407,0.5231845619899999,0.5334668484524108,0.561966206369652,0.0005027551651123695
z_Intercept_subj.664438269,0.5179225770859307,0.015786311254625377,0.48579416070342996,0.5083900045690966,0.5181023079217688,0.5271768272350419,0.5496884216203697,0.0003336857043141121
z_Intercept_subj.673728725,0.513235503375225,0.01738395059905914,0.47526574848631026,0.5032845955728105,0.514241019651326,0.5239000738942693,0.5468213565364012,0.0004167641165964275
z_Intercept_subj.683861923,0.49988940991559555,0.019582045284635953,0.4547668949904185,0.4888728559764619,0.5025027331082563,0.5138971261654748,0.5300983206750861,0.0009688526990335568
z_Intercept_subj.696039965,0.522295898163345,0.016856646499255182,0.49058526086425025,0.5117046320532714,0.5209855289811495,0.5319310290244283,0.5597079625470697,0.00044237944127737343
z_Intercept_subj.716236442,0.5160221847574717,0.016301269305786452,0.4814072714330695,0.5066533659723333,0.5163594634443635,0.5254144328734665,0.5498061993013781,0.00034738802679218887
z_Intercept_subj.717256200,0.5129464768362922,0.01628407975430635,0.47727522363029223,0.503480452940389,0.5141140015236587,0.5225516981550214,0.5446321750085671,0.0003994071754538535
z_Intercept_subj.718176674,0.5158502413604045,0.016326218726462557,0.481597142702365,0.5064584329839632,0.5162560741628784,0.5252272103403071,0.5493026765529821,0.0003160275645460708
z_Intercept_subj.720435955,0.5108765601378888,0.016530927013073855,0.4750255552210933,0.5010704547363092,0.5123876008168066,0.5215519261023249,0.5414057569857978,0.00046073211041081877
z_Intercept_subj.733093513,0.5234959929142802,0.016305785859489566,0.49330327094524035,0.5135053453597215,0.5223256948292468,0.532781751360803,0.5599644810515293,0.0004435886489811122
z_Intercept_subj.749079099,0.5235240825308989,0.017584986474423775,0.49187531356237113,0.5128854395875457,0.5219568503465742,0.5330298869012543,0.5648365579717166,0.0006540733628133736
z_Intercept_subj.755075290,0.5260125225512173,0.016659979863891585,0.49617064308678055,0.5150764244349226,0.524261295244776,0.5352985041912633,0.5636609117391185,0.0005661114365507898
z_Intercept_subj.770588123,0.5125919180497522,0.01598378065377893,0.47851343552111275,0.5032637159037363,0.5139363898711382,0.5224787170928646,0.5432370254090746,0.00038590600712877824
z_Intercept_subj.778697233,0.5138603656511807,0.016085889078756594,0.4778827227084946,0.5046681021636552,0.5149560902874326,0.5237980589870644,0.5447036775265509,0.0003940964074107869
z_Intercept_subj.779970594,0.5279273942690286,0.017465724895017087,0.49821256320974355,0.5166987217253928,0.5254110288977144,0.5377551374063028,0.5677900896148962,0.0006066134915795
z_Intercept_subj.789515489,0.508237991536595,0.018225810299447778,0.46576274123074507,0.49827591449790615,0.5104847735178277,0.5205237063802736,0.5392416817049478,0.0006323799887079798
z_Intercept_subj.796639530,0.5200731478776917,0.016366809483125057,0.48872852000984,0.510017818588744,0.5191646152174716,0.5293418289647909,0.5556764358346579,0.0004074629145945804
z_Intercept_subj.815555952,0.5084263686715308,0.01805358086669336,0.4676011181973537,0.4980335070801122,0.5106147617296887,0.5201334258682262,0.540674280362168,0.0005972195559203997
z_Intercept_subj.828632181,0.508230027931631,0.01667436371375451,0.47048890106165847,0.49859518669214076,0.510181880114513,0.5191622105367587,0.5367409262311779,0.0005409408485262731
z_Intercept_subj.840480197,0.5213892040143484,0.016594739446680256,0.48954370655558005,0.5111032917892686,0.5204237863034057,0.5308219516144184,0.5571275169770925,0.0003894349490094132
z_Intercept_subj.846755060,0.5140499912083819,0.016562021840895218,0.4774804359394669,0.5045987729808594,0.5150257324309339,0.5238170840423289,0.5470827688885498,0.00038310133409190535
z_Intercept_subj.860810996,0.5125230438645167,0.016604578498693838,0.4760435732084184,0.5027884602956414,0.5136834357830995,0.5230148278214146,0.5435470453829113,0.000411465305701097
z_Intercept_subj.874342939,0.5138903537090235,0.016352244576642007,0.48034054624575473,0.5044341562213983,0.5149891735653438,0.5236642610367149,0.5457577987890131,0.00040091689321856874
z_Intercept_subj.885985637,0.5247436760651526,0.01661624328317921,0.4949475247648243,0.5140777796032043,0.523118202691306,0.5339236516114638,0.5625956971821263,0.0005197714132466666
z_Intercept_subj.889540573,0.5074184840148825,0.016731678866805145,0.46939881073093714,0.49795054099315983,0.5094310011435879,0.5191407274690446,0.5354503962705367,0.0006059628285193752
z_Intercept_subj.891299842,0.5087488442738927,0.01668361416045392,0.47067992830936356,0.49910219953074564,0.5105099977181539,0.5197588598310492,0.5373285734575557,0.0005640670558665889
z_Intercept_subj.894143700,0.5212325338732151,0.01711194996100309,0.48892633732774,0.5106046981930196,0.5204512383500282,0.5307857129981342,0.5578753351921051,0.0004026191191039543
z_Intercept_subj.904039471,0.508213081042662,0.01683295643050824,0.4705268382465134,0.4985528123190866,0.5101641872668277,0.5192816902606224,0.5372400389074491,0.0005928266885327704
z_Intercept_subj.909861321,0.5123986120958344,0.016515238692658585,0.475938893744711,0.5030259279838337,0.5135879127472238,0.5226539747856545,0.5436554738967089,0.000432407239816931
z_Intercept_subj.910114803,0.5156159941503632,0.016508206542396094,0.48163010091647407,0.505598572724803,0.5163431123558617,0.5252317852139669,0.5483687180897513,0.00034617653959121634
z_Intercept_subj.911960296,0.5065702555696824,0.01792391635747944,0.4660727784859392,0.4963992503407743,0.5088430204331906,0.5186375518263129,0.5359746529916373,0.0006312325613395078
z_Intercept_subj.923162466,0.510302974587278,0.016362029227804865,0.4735582444024884,0.5004493110974315,0.5119405828707059,0.5211081622555206,0.5399307652574266,0.0005025215201211233
z_Intercept_subj.931420970,0.516942705718419,0.016305520892807512,0.4840435524449149,0.5074284752955692,0.5172068208731717,0.5262282269606692,0.5504388993655529,0.0003459067414684697
z_Intercept_subj.933260573,0.5277905517017624,0.018534279670647257,0.4957169103577688,0.5160650814468317,0.5254264961271973,0.5380344239479552,0.5715275671352696,0.0006910464189608493
z_Intercept_subj.945098209,0.5071378074672007,0.017861194237778124,0.4666371541839666,0.4969899065095475,0.509445414987861,0.5191717319254566,0.5371664810479055,0.0006639543960298097
z_Intercept_subj.949645864,0.5180151131594702,0.0157473110757127,0.4858336615757819,0.5084652990903507,0.5180461855927609,0.5270477421937572,0.5513289502935669,0.0003112730568458638
z_Intercept_subj.949879914,0.5154877292335256,0.0161429318039638,0.48127508795929924,0.5061053999905927,0.5160422272543433,0.5252332204217826,0.5477083991225621,0.00033379666274482113
z_Intercept_subj.956660069,0.5058578071602031,0.018089382306619994,0.4646611280466488,0.4956706597874786,0.5078988582675377,0.5182781156178432,0.5362541802017476,0.0006819675415294143
z_Intercept_subj.961875421,0.5208155090581323,0.01621184768149231,0.48978895955280605,0.510810881751358,0.520090605448672,0.5300482976912433,0.5555946904467339,0.0003303201072496417
z_Intercept_subj.964326783,0.5153420812507025,0.017312147318018473,0.47907973836015905,0.5054112968417942,0.5160519284892039,0.5256015716675166,0.5492042350850155,0.00038453738069637255
z_Intercept_subj.968634301,0.5157284796399425,0.016090774975605956,0.48255345557118706,0.5059541162234992,0.5163152783477902,0.5250541621585708,0.5501237556194428,0.0003548884315541647
z_Intercept_subj.971172922,0.5108448459141647,0.015856940667945702,0.47642059311771623,0.5014794696644742,0.5120792790433912,0.5212650143966866,0.5400101885343389,0.00044127228756226576
z_Intercept_subj.977170877,0.5166993005080864,0.017543575016659044,0.4794582408746255,0.5069932936080378,0.5171814495343597,0.5268130251389875,0.5524139293865363,0.00033480459473160605
z_Intercept_subj.979660929,0.516626575187006,0.015868690100305366,0.48299328341561515,0.507362081723501,0.5169711249922042,0.5263264861837842,0.549035154666414,0.00036203659638600627
z_Intercept_subj.984661157,0.5109870820717204,0.016026380581364186,0.4756720640868168,0.5018394493329964,0.5125492010761131,0.5213626284749218,0.5408548660922577,0.00045071210097066947
z_Intercept_subj.985750851,0.5151627520573013,0.017284364034842528,0.47906409758978574,0.5053137414814872,0.5161082573865364,0.5254477305533088,0.5493750849226317,0.00042265711568325166
