,mean,std,2.5q,25q,50q,75q,97.5q,mc err
a,2.788634876,0.182149757,2.465788043,2.662638555,2.779292868,2.906570904,3.168160423,0.003385897
a_std,2.096603636,0.183736405,1.776550098,1.967088588,2.083462203,2.213501419,2.508318767,0.003681188
a_subj.2884955,2.874535954,0.499060862,1.94057699,2.333170901,3.062305748,3.24510695,3.54200015,0.046453995
a_subj.3964964,1.211280114,0.083705997,1.051780761,1.153649404,1.208331687,1.266196367,1.386810915,0.001584043
a_subj.12919430,4.167455344,0.258201901,3.688416223,3.988005001,4.158563655,4.339380031,4.697617327,0.004276981
a_subj.34984274,3.349758712,0.198878225,2.976240284,3.213316127,3.343559024,3.48254851,3.763766013,0.003394582
a_subj.41833230,2.940144595,0.205876636,2.558649317,2.796228085,2.934597484,3.074802528,3.36220955,0.003936342
a_subj.43020357,1.633719356,0.096847793,1.456475015,1.566614293,1.630189386,1.697036332,1.834884129,0.001492195
a_subj.48595352,4.280496471,0.418599381,3.550327903,3.987078819,4.249450708,4.54116745,5.203300733,0.010422502
a_subj.48977487,1.785596231,0.15192151,1.497949321,1.682838345,1.783045392,1.886419905,2.091025038,0.002544867
a_subj.56470734,2.300231169,0.233597089,1.888571895,2.134335754,2.283216476,2.446038174,2.801311,0.005226823
a_subj.74263281,3.326681505,0.21488878,2.935696465,3.178156768,3.31268983,3.466466596,3.770702109,0.003660645
a_subj.75969320,1.43465943,0.122165801,1.207796763,1.350684917,1.429868317,1.515821677,1.682763403,0.002496913
a_subj.92774005,3.626980484,0.22877865,3.192349358,3.468383624,3.623303146,3.775711952,4.095111514,0.00396969
a_subj.96226407,4.881232781,0.32171878,4.286537583,4.663362395,4.868090836,5.091611432,5.541262104,0.004976672
a_subj.97123322,0.67765338,0.039609312,0.605756375,0.650449241,0.675243022,0.702740305,0.762044124,0.000725466
a_subj.100416772,4.785974688,0.305239163,4.225486417,4.576479883,4.773930392,4.986427923,5.416157114,0.00440208
a_subj.102783161,1.140530288,0.06533044,1.019980704,1.094885764,1.138413546,1.183077656,1.273878324,0.001111017
a_subj.103303422,0.000209285,0.006065265,1.95E-08,2.21E-08,2.36E-08,2.55E-08,2.94E-08,0.000212249
a_subj.120939072,2.992009301,0.228349377,2.547571881,2.837094591,2.988738476,3.145780051,3.442848121,0.004348667
a_subj.129490812,1.554143338,0.144737362,1.282634421,1.451561352,1.549350232,1.648398394,1.857777434,0.003100596
a_subj.130271607,0.678957836,0.03914693,0.606556858,0.652304071,0.677431987,0.704444681,0.760841249,0.000577713
a_subj.130941034,1.26448503,0.100727909,1.082238245,1.193641093,1.260203972,1.327701923,1.473483408,0.001799502
a_subj.134057190,3.968627771,0.253937144,3.48067909,3.796237747,3.960652438,4.137206886,4.48276381,0.004672333
a_subj.147547787,1.143344822,0.077384463,1.004326254,1.089211921,1.137290726,1.19361668,1.309022829,0.001392511
a_subj.148334112,3.734373899,0.244386924,3.275031671,3.564010148,3.7235953,3.899401271,4.227218577,0.004072642
a_subj.176326342,1.580483269,0.139750432,1.321319178,1.485848951,1.573885569,1.668652774,1.876644073,0.002942138
a_subj.189660560,6.718167743,0.831948582,5.277711438,6.131677716,6.661680499,7.245420167,8.50671074,0.012702113
a_subj.192065971,4.393701364,0.340765308,3.806675118,4.160158997,4.355819682,4.59600282,5.163990093,0.008146895
a_subj.218675715,3.55829621,0.231017948,3.094654984,3.416994103,3.561725803,3.705340691,3.996380818,0.010257984
a_subj.224184422,3.571208408,0.220250935,3.162801932,3.415883878,3.563662924,3.715956893,4.027796812,0.003675906
a_subj.224557592,3.31738449,0.218412671,2.895178448,3.171692875,3.310711327,3.461340231,3.772976697,0.003281603
a_subj.245315813,4.083690706,0.278136956,3.558133035,3.895491919,4.080488254,4.267121643,4.648835732,0.004166382
a_subj.251264572,5.329352341,0.405093613,4.560825816,5.051158732,5.321554985,5.598628399,6.143735729,0.006048862
a_subj.251653297,1.276277692,0.074516639,1.140559022,1.22465567,1.273189939,1.324814508,1.432890161,0.001208055
a_subj.252234006,1.689668987,0.098928062,1.505478768,1.621548029,1.685565076,1.752120409,1.900617921,0.00146518
a_subj.254632445,1.535480176,0.098799545,1.352579385,1.466381846,1.531872391,1.601569696,1.737426498,0.00175683
a_subj.278773301,3.688842162,0.245254483,3.22849054,3.518039436,3.679961273,3.846607739,4.203067182,0.004172939
a_subj.294041592,4.454993311,0.27214198,3.927686843,4.271636504,4.451747986,4.635568831,4.994877738,0.00417512
a_subj.299760590,3.936739143,0.235326295,3.496269941,3.774103237,3.929380782,4.092207652,4.408822665,0.00354161
a_subj.312902548,2.219881126,0.131635296,1.976273526,2.12923693,2.215192018,2.306278533,2.491057718,0.002204771
a_subj.321769333,3.637823318,0.215601658,3.237616253,3.488944395,3.627098432,3.772489175,4.088918256,0.003347251
a_subj.324908376,4.463342304,0.286867441,3.903371319,4.269928295,4.460216641,4.647036677,5.049974102,0.00419063
a_subj.331590088,2.745300289,0.166065838,2.439204348,2.629495452,2.741375841,2.850188011,3.087009894,0.002643407
a_subj.333010087,5.545258838,0.417865564,4.813160905,5.248855906,5.522857978,5.809311628,6.415379706,0.01044388
a_subj.334324861,6.210595302,1.668537811,2.825651569,5.206488116,6.148859602,7.198628575,9.677866485,0.02449846
a_subj.336172395,0.709646358,0.040066645,0.635931863,0.682142076,0.707816399,0.735784419,0.791880994,0.000595839
a_subj.349171132,1.595549383,0.101569935,1.408386797,1.525065277,1.590898049,1.66302127,1.805789944,0.001837811
a_subj.350745134,2.633725527,0.176304489,2.304457013,2.513419988,2.625500232,2.745549552,3.002218834,0.00285854
a_subj.351777009,0.860335177,0.053643825,0.759599704,0.82396956,0.858160921,0.895226379,0.972535078,0.000835638
a_subj.355043712,4.283358672,0.261795103,3.791840209,4.105516484,4.273677194,4.456352892,4.806125513,0.004829051
a_subj.367119634,2.222005867,0.132147104,1.976609581,2.129857525,2.217962716,2.304961073,2.495554487,0.002474748
a_subj.374844073,3.420931658,0.228776708,2.951487235,3.274755626,3.421552116,3.571452257,3.871614602,0.004985102
a_subj.374999420,4.254150969,0.27129673,3.748282081,4.065273448,4.248750471,4.433000305,4.817422294,0.004564481
a_subj.394422911,4.283096411,0.277927526,3.775819982,4.090930275,4.271700388,4.458638765,4.853115186,0.004439348
a_subj.396122776,4.110217849,0.271625392,3.593814171,3.925576779,4.106470064,4.285717279,4.664872728,0.004516994
a_subj.408368411,1.419797428,0.086999758,1.264999929,1.360050333,1.41387891,1.473961146,1.610331207,0.001465818
a_subj.432332461,1.426872455,0.104167964,1.235440665,1.356337358,1.421381758,1.492406912,1.649773048,0.001920493
a_subj.433311086,4.019717554,0.262063131,3.52887515,3.838805398,4.010125927,4.185411667,4.567517324,0.004105904
a_subj.446421117,0.758395119,0.04444433,0.678209988,0.727139936,0.755947124,0.786660423,0.853663302,0.000747646
a_subj.449943813,3.469635196,0.219140722,3.068467366,3.315009415,3.463691459,3.610453894,3.916201535,0.003028471
a_subj.452249694,3.818531336,0.306876866,3.221762844,3.641949807,3.820358447,4.006209595,4.406966083,0.01553967
a_subj.455194813,2.149286741,0.185106453,1.809081083,2.014166198,2.139062731,2.28337312,2.515528958,0.009704371
a_subj.455717130,4.034868892,0.248395911,3.566682337,3.86080169,4.028508679,4.199028283,4.543755342,0.003741041
a_subj.492518259,2.55445767,0.173411581,2.240171606,2.436762246,2.543938894,2.665212638,2.919947547,0.003076166
a_subj.502901314,4.79872343,0.279961117,4.277978023,4.603578781,4.791992713,4.983929186,5.377373084,0.004099872
a_subj.504663288,4.486269544,0.2836882,3.981606697,4.291258273,4.470854915,4.668122796,5.087382451,0.004728363
a_subj.507157861,1.685865543,0.121052592,1.444822175,1.605041535,1.688702027,1.763186112,1.92599489,0.004136035
a_subj.507740391,3.169989518,0.206710233,2.79220598,3.028387655,3.158977822,3.297419967,3.612390942,0.003399639
a_subj.514268702,1.202557599,0.083044398,1.054231936,1.144776082,1.196127339,1.254118503,1.385255027,0.001210902
a_subj.522579064,4.718100167,0.34952649,4.060617776,4.473759452,4.712016105,4.958945436,5.416973552,0.006775354
a_subj.534449063,3.778271861,0.266712383,3.268717559,3.596239936,3.772001916,3.957086944,4.307986984,0.004863535
a_subj.539422517,5.903098891,0.882217064,4.764070731,5.35313711,5.783483618,6.339097489,7.455755841,0.031949593
a_subj.546064836,1.767727454,0.161452811,1.455179741,1.661194418,1.76998069,1.876339,2.074804737,0.00370908
a_subj.561564728,3.680474078,0.230867417,3.247624835,3.521836606,3.675199486,3.831380277,4.159188531,0.003727735
a_subj.563121476,1.005407032,0.072931758,0.871458385,0.955705223,1.002376912,1.052552028,1.157653802,0.001472436
a_subj.578711405,0.983560432,0.055926449,0.880082313,0.945323413,0.981345132,1.019228184,1.102256589,0.000887778
a_subj.584470675,4.332475114,0.415012025,3.571781902,4.109521315,4.34235536,4.552205918,5.023270433,0.012146998
a_subj.586071473,3.970807458,0.265310241,3.473506797,3.790339674,3.962690954,4.142674065,4.508521998,0.004506776
a_subj.589703985,1.10114481,0.129934386,0.858900379,1.0095527,1.096204279,1.188703979,1.367726182,0.003498453
a_subj.605713945,0.787031636,0.053123088,0.689419411,0.749802763,0.78510099,0.821254269,0.901789069,0.00090939
a_subj.626227255,3.810640046,0.291410991,3.269559304,3.605124577,3.797671676,4.00739685,4.401905799,0.004915053
a_subj.628308431,2.69655594,0.247261987,2.350075345,2.600479984,2.706365634,2.828095934,3.065605408,0.017865309
a_subj.630235377,1.727455349,0.101804087,1.537046947,1.659727121,1.722517756,1.793372898,1.9382647,0.001615965
a_subj.642346147,0.570243975,0.043121974,0.499571441,0.540260159,0.565605645,0.594447863,0.670717845,0.000976006
a_subj.650974545,1.777010312,0.123230617,1.550222058,1.692809406,1.772244031,1.854961313,2.038836794,0.002100108
a_subj.652231699,2.458443958,0.150900226,2.17657511,2.357338038,2.451488305,2.558000007,2.767859567,0.002472134
a_subj.657894484,2.4234648,0.148723743,2.148120121,2.318776105,2.4185665,2.514597864,2.739002732,0.002469416
a_subj.664438269,3.809770814,0.252304751,3.326731557,3.643361896,3.801830994,3.977876415,4.317727285,0.004186726
a_subj.673728725,4.272412595,0.278330268,3.74383945,4.084249535,4.261847524,4.458636827,4.843410709,0.004630239
a_subj.683861923,1.851948366,0.118642123,1.62933559,1.770920251,1.846852316,1.927519353,2.093917173,0.002096531
a_subj.696039965,4.062705593,0.279258121,3.562146832,3.869921613,4.046242691,4.244075883,4.660144976,0.005239351
a_subj.716236442,4.149463267,0.279482818,3.609223905,3.956672952,4.14954017,4.328502108,4.70552077,0.004514123
a_subj.717256200,4.286870237,0.262441553,3.805151495,4.106759563,4.275064415,4.457449359,4.82886829,0.004053412
a_subj.718176674,1.689006261,0.10850325,1.490638252,1.615107831,1.68403522,1.758434517,1.921992833,0.001946471
a_subj.720435955,3.450277765,0.217355481,3.045731673,3.302357325,3.439762276,3.5893537,3.898644319,0.003711665
a_subj.733093513,2.559808661,0.213002842,2.15803699,2.416808088,2.555898157,2.696846356,2.997767831,0.004402886
a_subj.749079099,1.625641371,0.174476506,1.285637371,1.489788175,1.648827174,1.752276392,1.925576634,0.011777499
a_subj.755075290,0.674518244,0.038967057,0.602962014,0.647661955,0.673246655,0.699564797,0.75626673,0.000628714
a_subj.770588123,2.632682762,0.160297637,2.342170975,2.519966753,2.624129036,2.739125151,2.969537799,0.002837398
a_subj.778697233,1.958121196,0.125665498,1.7194887,1.873695293,1.953059903,2.036796516,2.22030295,0.002094711
a_subj.779970594,1.55676987,0.148173892,1.283300687,1.457066222,1.551593139,1.651330536,1.864152326,0.003508127
a_subj.789515489,4.637349457,0.280052974,4.115189981,4.440890048,4.631346779,4.822281636,5.201203199,0.00381043
a_subj.796639530,1.884870701,0.180187146,1.564643619,1.747238335,1.88130522,2.014959359,2.234894584,0.008976497
a_subj.815555952,4.797564917,0.382768229,4.059148425,4.529644385,4.794961662,5.060724477,5.552082534,0.008109405
a_subj.828632181,0.912243668,0.055889836,0.810067308,0.874645479,0.909079989,0.947098013,1.029447063,0.000969602
a_subj.840480197,0.996306426,0.083818682,0.841817005,0.937774097,0.99310003,1.051153857,1.167069582,0.001590629
a_subj.846755060,3.947603762,0.28047103,3.404102132,3.756580386,3.943562381,4.140108427,4.498331312,0.005270336
a_subj.860810996,3.127371039,0.218916057,2.716071281,2.9754708,3.116013751,3.270076894,3.584709277,0.003594476
a_subj.874342939,3.233904193,0.199772247,2.864876368,3.095892179,3.225799624,3.36885153,3.636546317,0.003083196
a_subj.885985637,0.686136451,0.039411353,0.61369079,0.659029053,0.684429822,0.711640638,0.767518241,0.000601408
a_subj.889540573,0.850115388,0.049328474,0.758669835,0.816469505,0.847343854,0.882612809,0.953399399,0.000749815
a_subj.891299842,4.082138423,0.244257392,3.616417424,3.914281566,4.079215125,4.240338989,4.595288907,0.004187237
a_subj.894143700,3.533240033,0.240481784,3.101643972,3.364672145,3.522707473,3.686504671,4.027376276,0.004158913
a_subj.904039471,0.738176123,0.0502583,0.647732895,0.702733692,0.735068867,0.76990006,0.843405547,0.000809075
a_subj.909861321,3.303912242,0.287094779,2.748203622,3.107919262,3.299705392,3.491207324,3.890441498,0.006165453
a_subj.910114803,4.353354437,0.292592623,3.806944763,4.146624848,4.337096799,4.548807739,4.961189732,0.005710682
a_subj.911960296,1.322394234,0.087430863,1.161461788,1.261405008,1.318394004,1.379058507,1.50215481,0.00133415
a_subj.923162466,1.60384478,0.117498998,1.391199499,1.523557916,1.598047775,1.679656146,1.839889867,0.002322474
a_subj.931420970,3.163652438,0.240507785,2.695733332,3.001876941,3.161729031,3.32205197,3.659429077,0.004625286
a_subj.933260573,2.642147753,0.211423453,2.260094676,2.497262547,2.625798684,2.773356338,3.098274152,0.00418885
a_subj.945098209,1.570175166,0.105832058,1.382708275,1.497538822,1.563137156,1.632782773,1.803400741,0.00200559
a_subj.949645864,1.057342048,0.062418035,0.939918977,1.014285459,1.055034864,1.097978825,1.186245338,0.001000905
a_subj.949879914,1.367696557,0.081514825,1.216142864,1.310331519,1.365635267,1.41979987,1.541585591,0.001223299
a_subj.956660069,1.473268214,0.098453039,1.293403694,1.405153519,1.470038575,1.538274323,1.675938978,0.001788643
a_subj.961875421,2.645660492,0.154931998,2.360140779,2.537549307,2.64024067,2.746563294,2.964194456,0.002608139
a_subj.964326783,5.872062072,0.520640473,4.930836072,5.501941534,5.850715083,6.206961155,6.953132651,0.00851454
a_subj.968634301,2.09886272,0.122643114,1.876830365,2.01355098,2.092707503,2.176304056,2.362491044,0.0018464
a_subj.971172922,0.766605435,0.055193713,0.664022699,0.728399747,0.763497561,0.802641059,0.882629108,0.000922405
a_subj.977170877,7.260272839,0.745158691,5.863691785,6.751870554,7.22874147,7.738209792,8.842958292,0.014663112
a_subj.979660929,3.344697763,0.199746645,2.978395493,3.204098676,3.336148669,3.475226919,3.75733681,0.002547004
a_subj.984661157,1.283215783,0.077469171,1.14367411,1.229634014,1.278952206,1.332430571,1.442806124,0.001190311
a_subj.985750851,4.428796903,0.43948567,3.680567841,4.119952709,4.431782635,4.713887262,5.210803991,0.013285368
t,1.12633771,0.052310231,1.030411498,1.089984965,1.124445279,1.160044225,1.235809544,0.001889304
t_std,0.497015128,0.063628084,0.372311223,0.455078296,0.498354542,0.538530973,0.620416644,0.003229704
t_subj.2884955,1.506847546,0.837749286,0.761213156,0.923630034,1.015001538,2.663726774,2.873586538,0.083491417
t_subj.3964964,0.926503921,0.016870283,0.888419986,0.916594383,0.928494472,0.938346028,0.954350027,0.000327195
t_subj.12919430,1.158920025,0.154885208,0.82352427,1.06157732,1.17211238,1.269615838,1.419550474,0.002547514
t_subj.34984274,0.974180912,0.121158592,0.73706663,0.893639868,0.972230506,1.058170933,1.21409416,0.001991671
t_subj.41833230,0.649680482,0.091353274,0.447982084,0.59336198,0.65686998,0.714172564,0.807383396,0.001884705
t_subj.43020357,0.933732456,0.021985111,0.883854124,0.92093098,0.935799748,0.949210519,0.968991149,0.000347763
t_subj.48595352,0.81458684,0.172893542,0.448541361,0.703134753,0.824929098,0.938230366,1.126469676,0.005111977
t_subj.48977487,1.292723052,0.038314955,1.21517822,1.270103723,1.293283103,1.31398228,1.373732742,0.000672886
t_subj.56470734,0.791186404,0.070115766,0.632059091,0.751060071,0.801331162,0.841539338,0.900960096,0.001616629
t_subj.74263281,1.75876892,0.143900332,1.412321377,1.685070323,1.786234486,1.858182494,1.981071297,0.002267688
t_subj.75969320,0.876688342,0.02765068,0.815150333,0.859767118,0.879864917,0.896103837,0.923327596,0.000629174
t_subj.92774005,0.823039448,0.119849138,0.560829215,0.749226129,0.831574622,0.907030083,1.038990679,0.00207123
t_subj.96226407,0.806366396,0.191449924,0.421414262,0.6762387,0.810233389,0.942007219,1.162346747,0.002930363
t_subj.97123322,0.973316704,0.004715516,0.963100913,0.970394528,0.973745529,0.976644587,0.981236646,8.27E-05
t_subj.100416772,0.978099107,0.203751612,0.521196409,0.854789994,0.995932117,1.122964612,1.33113479,0.003034619
t_subj.102783161,0.943256474,0.011708615,0.91691967,0.936237914,0.944153395,0.95157033,0.96290198,0.000176128
t_subj.103303422,0.999995564,0.000166772,1,1,1,1,1,4.50E-06
t_subj.120939072,0.68877317,0.093516158,0.477200815,0.632652475,0.69837113,0.754025345,0.848958166,0.001830415
t_subj.129490812,0.900267601,0.032282318,0.824990683,0.88168022,0.904275685,0.923800468,0.950986052,0.000739584
t_subj.130271607,0.98099759,0.003986909,0.972189895,0.97861398,0.981445807,0.983858066,0.987517133,6.22E-05
t_subj.130941034,0.892774984,0.022199168,0.842240364,0.880054468,0.894966041,0.908549002,0.929159706,0.000408257
t_subj.134057190,0.95493599,0.239826948,0.509403229,0.748794812,1.006762869,1.151755431,1.328591733,0.004670343
t_subj.147547787,1.320212278,0.020296172,1.27101618,1.313487697,1.326467687,1.333989507,1.344970151,0.000402479
t_subj.148334112,0.762914603,0.124563981,0.499339578,0.684477234,0.772879895,0.851688614,0.979033386,0.002040113
t_subj.176326342,1.306378072,0.03746129,1.237849583,1.284488915,1.303926372,1.322922958,1.400825928,0.000848096
t_subj.189660560,1.671367752,0.710622169,0.57028429,1.138917421,1.577697942,2.088695563,3.306453734,0.013822664
t_subj.192065971,2.58799767,0.499179324,1.180941051,2.494164051,2.7176142,2.887664193,3.200066904,0.013115881
t_subj.218675715,0.94648016,0.250354592,0.645566664,0.816542449,0.911762069,1.027151472,1.274227478,0.020070558
t_subj.224184422,0.920846356,0.119767676,0.658020185,0.848570445,0.929938027,1.007015891,1.127661758,0.001898475
t_subj.224557592,0.794573793,0.112236456,0.575557913,0.724864147,0.792950099,0.859963686,1.036680191,0.001790486
t_subj.245315813,0.617963102,0.142875299,0.319133374,0.521661063,0.623228905,0.721191089,0.878330604,0.002298016
t_subj.251264572,0.691966295,0.211805301,0.287528621,0.540957371,0.693453563,0.83554183,1.11120973,0.003337418
t_subj.251653297,1.379496891,0.014551285,1.346301114,1.371012506,1.380999457,1.389665169,1.403704413,0.00024503
t_subj.252234006,0.930098621,0.023838818,0.874987442,0.916174349,0.932601442,0.947002586,0.969049788,0.00040255
t_subj.254632445,0.928100477,0.022398184,0.878105533,0.914884216,0.931087556,0.943858529,0.964293849,0.000396597
t_subj.278773301,0.565124479,0.110898967,0.329364881,0.493090928,0.572870117,0.647014389,0.7561428,0.001828795
t_subj.294041592,0.481973495,0.133584532,0.22324846,0.393298378,0.479933465,0.571327444,0.74505183,0.002403258
t_subj.299760590,0.555433594,0.114594116,0.324741919,0.480377779,0.561438824,0.635874378,0.761258023,0.001992824
t_subj.312902548,1.012295274,0.044915357,0.911670322,0.985393395,1.01638731,1.042703125,1.086428699,0.000748193
t_subj.321769333,0.831993529,0.114143898,0.584676349,0.758079032,0.841235819,0.913830037,1.023768911,0.001960077
t_subj.324908376,0.882903385,0.163273195,0.531977822,0.777916557,0.899742861,0.99842623,1.163567985,0.002497988
t_subj.331590088,0.806338586,0.066263408,0.658543423,0.767852854,0.812420654,0.85099187,0.917726247,0.001149891
t_subj.333010087,3.041043785,0.54460651,1.853075036,2.661518337,3.151423745,3.457196282,3.854749957,0.015112081
t_subj.334324861,1.226619491,0.541113121,0.399710047,0.845081094,1.152391624,1.518987234,2.548274156,0.008223926
t_subj.336172395,0.996268345,0.004517011,0.985799707,0.993606626,0.996852391,0.999509045,1.003331613,7.16E-05
t_subj.349171132,1.344479768,0.025588585,1.286242957,1.329349376,1.347556221,1.362631467,1.386037681,0.000437159
t_subj.350745134,0.768861829,0.066691303,0.619834031,0.728838042,0.777238239,0.815372452,0.877458153,0.001099082
t_subj.351777009,0.9690199,0.006968682,0.953209342,0.96486767,0.969706829,0.974033516,0.980476839,0.000106125
t_subj.355043712,0.494683518,0.124189925,0.242647891,0.407836216,0.501417941,0.57965666,0.725047233,0.00250346
t_subj.367119634,0.84707096,0.043281136,0.74828521,0.821514325,0.850928954,0.877923271,0.919349845,0.000728671
t_subj.374844073,0.914965974,0.241398091,0.631881943,0.778719737,0.853919257,0.948477822,1.638043723,0.007619241
t_subj.374999420,0.674004547,0.14422194,0.375716593,0.579418571,0.680468572,0.777543417,0.942310545,0.002773562
t_subj.394422911,1.848954693,0.186512406,1.450452032,1.742500958,1.866061763,1.968217293,2.15021912,0.003391743
t_subj.396122776,1.848877089,0.249605783,1.376540093,1.691694615,1.82656735,2.01081792,2.340000716,0.004449801
t_subj.408368411,1.337976847,0.023442481,1.269205305,1.329511904,1.342052324,1.352060621,1.3676705,0.000513763
t_subj.432332461,1.38480186,0.028079679,1.311439753,1.373333575,1.387863684,1.400213416,1.435747541,0.000537895
t_subj.433311086,1.422435516,0.268741406,0.752691679,1.278229115,1.444052457,1.603107429,1.866476398,0.004141288
t_subj.446421117,0.98528754,0.004954129,0.973794525,0.982593369,0.985951091,0.988795327,0.993049989,0.000100385
t_subj.449943813,0.801351189,0.109866114,0.558856754,0.734481083,0.81139438,0.880476196,0.986888857,0.001797008
t_subj.452249694,2.007136402,0.362982102,1.502419034,1.872995056,1.995375046,2.08847027,2.325947322,0.030497446
t_subj.455194813,1.056629818,0.17465547,0.782763412,0.871446988,1.134038006,1.190839136,1.349613677,0.01245035
t_subj.455717130,0.51346489,0.113924052,0.280596066,0.437685042,0.516508602,0.594265263,0.720474534,0.001575251
t_subj.492518259,0.85038513,0.066695414,0.69871223,0.811288639,0.858088388,0.89742914,0.957853934,0.001149333
t_subj.502901314,0.79796536,0.245376783,0.345078769,0.603171554,0.800577521,0.991657837,1.234132478,0.00397921
t_subj.504663288,1.360787586,0.195555282,0.922160972,1.241443262,1.374212675,1.492925509,1.709107827,0.003486718
t_subj.507157861,0.983889866,0.056682649,0.910023467,0.952938546,0.971261815,0.989962255,1.134488369,0.003098685
t_subj.507740391,1.565605033,0.128308286,1.257853654,1.506878592,1.586182399,1.65023346,1.777298398,0.002079244
t_subj.514268702,1.38742953,0.014925342,1.354500331,1.379881414,1.389572424,1.397611579,1.409317695,0.000240616
t_subj.522579064,1.516745833,0.601374706,0.55011598,0.978967109,1.517577506,2.037118532,2.533602838,0.012244337
t_subj.534449063,0.477419369,0.107504339,0.254605529,0.405398737,0.481453428,0.555834705,0.671843043,0.002178262
t_subj.539422517,4.453356466,1.397099583,1.365136377,3.695615157,4.95341681,5.477230713,6.145215656,0.063169237
t_subj.546064836,1.514673771,0.049448774,1.42403011,1.482241641,1.508694366,1.546154155,1.611956774,0.001126643
t_subj.561564728,0.987885556,0.156037857,0.675998027,0.877543319,0.9852051,1.11332976,1.262929077,0.002460631
t_subj.563121476,0.949899925,0.011202453,0.924243773,0.943240203,0.951307035,0.957908782,0.968124378,0.000239163
t_subj.578711405,1.235189384,0.007534938,1.217560255,1.231017459,1.236041534,1.24062725,1.2471996,0.00012194
t_subj.584470675,2.915258197,0.442543823,2.283627241,2.658364699,2.828079597,3.035034339,4.144191468,0.016473474
t_subj.586071473,0.791020119,0.142452803,0.491763604,0.697918553,0.798546354,0.892136506,1.046516235,0.00266619
t_subj.589703985,0.910834682,0.023045744,0.860292513,0.896774941,0.913195383,0.927789088,0.948844095,0.000661542
t_subj.605713945,0.982386468,0.005636409,0.969622322,0.979179917,0.983116582,0.986371763,0.99135386,9.19E-05
t_subj.626227255,0.608035085,0.131226148,0.327879833,0.522281477,0.615413348,0.704801246,0.837400956,0.00215876
t_subj.628308431,1.330339523,0.269880697,1.116992574,1.244984957,1.293318639,1.344107582,1.53845766,0.024613271
t_subj.630235377,0.887457636,0.025055964,0.830957286,0.872898579,0.890135091,0.905710093,0.928806584,0.000398179
t_subj.642346147,1.00446539,0.005266209,0.989359408,1.003197613,1.005793008,1.007749215,1.010609703,0.000137658
t_subj.650974545,0.891989946,0.031889427,0.817565599,0.873359877,0.896276031,0.91457197,0.942074356,0.00058803
t_subj.652231699,1.48549298,0.055393677,1.357321564,1.453170187,1.491940453,1.524467299,1.57630379,0.000973174
t_subj.657894484,1.449233481,0.049531888,1.336932318,1.419465658,1.45443338,1.48443705,1.530454354,0.00085167
t_subj.664438269,0.894342992,0.138673255,0.595523972,0.804557238,0.906536452,0.992677854,1.136957096,0.002180812
t_subj.673728725,0.862608848,0.237785094,0.453379116,0.679091567,0.837232876,1.054190613,1.310964702,0.004083902
t_subj.683861923,1.375926423,0.033332104,1.303627603,1.35707522,1.379472344,1.398227153,1.430583143,0.000607045
t_subj.696039965,1.367721986,0.324034667,0.605034336,1.254377877,1.440600053,1.564250468,1.903535538,0.006517446
t_subj.716236442,1.374014102,0.245372678,0.956606365,1.214176756,1.349330125,1.513890709,1.925422848,0.00434632
t_subj.717256200,1.40205325,0.166193138,1.045963989,1.300105145,1.419432702,1.517241785,1.685939108,0.002719015
t_subj.718176674,1.14913362,0.037606666,1.067154643,1.12754534,1.147531262,1.177127865,1.214939686,0.000691236
t_subj.720435955,0.974662122,0.115269291,0.709141744,0.90827944,0.986905429,1.054578049,1.162120028,0.001868773
t_subj.733093513,1.27666637,0.074010241,1.108206234,1.235212071,1.286267425,1.327956573,1.395751116,0.001631597
t_subj.749079099,1.204080342,0.110837155,1.072390395,1.120317257,1.150624966,1.342784057,1.400826603,0.00899787
t_subj.755075290,0.979765942,0.004084593,0.970611467,0.977270591,0.980196699,0.982693706,0.986469772,6.25E-05
t_subj.770588123,0.760878654,0.058818397,0.624668129,0.72602056,0.767254045,0.803635526,0.857196388,0.000909937
t_subj.778697233,1.341376648,0.036547618,1.257137442,1.32004911,1.345436584,1.367701622,1.400318896,0.000621658
t_subj.779970594,0.901228154,0.03214569,0.828401884,0.882361072,0.904933042,0.924294827,0.952537021,0.000827585
t_subj.789515489,0.724674815,0.172406344,0.384818808,0.609483335,0.721260995,0.835794774,1.072372665,0.002712518
t_subj.796639530,1.095683274,0.141929618,0.889570291,0.957884274,1.125320012,1.227687339,1.280373353,0.008844275
t_subj.815555952,1.864842793,0.564500596,0.871785275,1.412134108,1.819300406,2.39715578,2.778298915,0.013685986
t_subj.828632181,0.973724103,0.00764336,0.955706468,0.969384177,0.974787476,0.979091503,0.985776747,0.000130582
t_subj.840480197,1.187181602,0.011217688,1.161100676,1.181012958,1.188619461,1.195093719,1.204643552,0.000214659
t_subj.846755060,0.441955176,0.112369634,0.216155484,0.3641763,0.446598318,0.522244913,0.654934384,0.001927863
t_subj.860810996,0.945920553,0.105741452,0.713561096,0.879510181,0.956289059,1.020743316,1.124500303,0.001928466
t_subj.874342939,0.919071525,0.127161487,0.671529187,0.831967767,0.915032455,1.00964623,1.160145943,0.002106011
t_subj.885985637,0.984763587,0.003786902,0.976084549,0.982538586,0.985202168,0.987471941,0.990952213,5.72E-05
t_subj.889540573,0.973031786,0.006602014,0.957996084,0.969061565,0.973800826,0.977764912,0.983769076,0.000116765
t_subj.891299842,0.946893973,0.146309676,0.626080404,0.85647603,0.958715026,1.047891375,1.203513216,0.002251566
t_subj.894143700,1.90692646,0.21874112,1.447922028,1.769942684,1.902394242,2.031066209,2.33067926,0.003886677
t_subj.904039471,0.975778367,0.005837494,0.962323437,0.97227987,0.976544428,0.979946386,0.98526473,8.76E-05
t_subj.909861321,0.7107626,0.135613839,0.423163084,0.622922289,0.720899582,0.806147909,0.953111584,0.002852192
t_subj.910114803,1.434325046,0.286641895,0.768087974,1.290917163,1.504603797,1.643165625,1.82811236,0.005361825
t_subj.911960296,0.971595596,0.019590077,0.932422322,0.960013437,0.971318706,0.982527821,1.011507675,0.000316367
t_subj.923162466,0.872785826,0.029816367,0.805567866,0.854878625,0.87605446,0.894118196,0.922292883,0.000564249
t_subj.931420970,0.553199067,0.101024617,0.334179616,0.487168459,0.558862694,0.624884969,0.732713177,0.001856312
t_subj.933260573,0.724451654,0.064742206,0.577921892,0.686176426,0.729855633,0.771099,0.830887269,0.00147856
t_subj.945098209,1.310855722,0.040611383,1.181354925,1.302516118,1.320803836,1.334443429,1.354640218,0.0009003
t_subj.949645864,1.152206342,0.010862898,1.130563986,1.145851015,1.152223104,1.15790678,1.176058461,0.000166075
t_subj.949879914,0.972164892,0.021175313,0.933774179,0.959327925,0.970687414,0.982624597,1.024102507,0.000345823
t_subj.956660069,1.013338672,0.039835504,0.948558956,0.981395792,1.007476723,1.051002358,1.082467981,0.000813857
t_subj.961875421,0.748680351,0.060873701,0.614147014,0.711162414,0.754174416,0.792534946,0.851213151,0.000944732
t_subj.964326783,1.798283626,0.499208667,0.833559102,1.442481279,1.810382785,2.154426571,2.707161585,0.009304393
t_subj.968634301,0.878152299,0.037220925,0.793188529,0.85683205,0.881999791,0.904112686,0.938792953,0.000568162
t_subj.971172922,0.977733619,0.005898781,0.964545651,0.974207516,0.978369159,0.981979616,0.987474148,0.000103826
t_subj.977170877,2.185313897,1.028241163,0.701632816,1.433600771,2.001245633,2.787777325,4.525675264,0.028570615
t_subj.979660929,0.618793835,0.090829893,0.424506337,0.56274111,0.626439986,0.682927754,0.775225701,0.001326852
t_subj.984661157,1.447219658,0.014761238,1.412450268,1.438475366,1.449240081,1.457575759,1.471023585,0.000253655
t_subj.985750851,3.166910447,0.654274567,2.123215185,2.606068582,2.973816625,3.825952412,4.102677771,0.026066534
v_Intercept,-0.001137687,0.015153877,-0.030457791,-0.01101907,-0.001179676,0.00875253,0.029270701,0.000435968
v_Intercept_std,0.107929291,0.016201606,0.079469115,0.097040806,0.107549598,0.117598984,0.140510449,0.000608949
v_Intercept_subj.2884955,0.023447192,0.073757196,-0.121783447,-0.02637737,0.023625145,0.071265848,0.169918322,0.001035965
v_Intercept_subj.3964964,0.030097066,0.098893487,-0.162255827,-0.03563591,0.028801508,0.095633688,0.224823291,0.001443126
v_Intercept_subj.12919430,-0.039603122,0.055567775,-0.147681461,-0.077362656,-0.039733409,-0.002106524,0.068948547,0.000873849
v_Intercept_subj.34984274,0.035985145,0.062880972,-0.086606783,-0.006066596,0.035922864,0.078463905,0.160117131,0.001098908
v_Intercept_subj.41833230,-0.054807783,0.070494031,-0.195352052,-0.102276225,-0.054072156,-0.007169845,0.085274775,0.001247024
v_Intercept_subj.43020357,0.009352199,0.089851298,-0.169363103,-0.050700969,0.0092927,0.068360872,0.186468099,0.001438598
v_Intercept_subj.48595352,0.442142555,0.081819607,0.285335427,0.386217422,0.442066381,0.498564815,0.604637709,0.002692468
v_Intercept_subj.48977487,0.043885929,0.089908864,-0.128022553,-0.01765301,0.042527982,0.102146693,0.226796023,0.001407868
v_Intercept_subj.56470734,0.067306932,0.082727154,-0.092746254,0.01358126,0.067004001,0.120816906,0.231455142,0.001324889
v_Intercept_subj.74263281,0.016956104,0.065170973,-0.111316008,-0.027257386,0.016880876,0.060937049,0.143337166,0.001056921
v_Intercept_subj.75969320,0.084830735,0.09618627,-0.097554015,0.018638606,0.083146085,0.146682951,0.284424185,0.001704868
v_Intercept_subj.92774005,0.082378134,0.062017849,-0.037095512,0.040223373,0.082248531,0.124382069,0.206407377,0.000987259
v_Intercept_subj.96226407,-0.10068296,0.054923953,-0.209687332,-0.136829916,-0.099831108,-0.063985115,0.005914757,0.000921903
v_Intercept_subj.97123322,-0.024321508,0.10551785,-0.232744076,-0.092545543,-0.024106019,0.044935229,0.184573101,0.001529147
v_Intercept_subj.100416772,-0.020537975,0.051618951,-0.125349599,-0.054451389,-0.020042981,0.014128413,0.075847361,0.00085885
v_Intercept_subj.102783161,-0.016177652,0.097204294,-0.214490176,-0.078621277,-0.015552365,0.048757518,0.168352717,0.001375863
v_Intercept_subj.103303422,-4.38E-05,0.110309251,-0.216832065,-0.070726963,-0.001402714,0.071865042,0.220732433,0.001682498
v_Intercept_subj.120939072,-0.008535032,0.070269288,-0.142244894,-0.056173788,-0.008420781,0.039686568,0.13081246,0.001078163
v_Intercept_subj.129490812,-0.031854379,0.092628518,-0.215738485,-0.093998182,-0.03087775,0.03008004,0.149454498,0.001500831
v_Intercept_subj.130271607,-0.106850987,0.110054209,-0.327084192,-0.177633761,-0.104021181,-0.032602128,0.092663965,0.001882329
v_Intercept_subj.130941034,-0.058649913,0.095928533,-0.248731015,-0.120270005,-0.057934666,0.00441537,0.133620765,0.001429468
v_Intercept_subj.134057190,0.000177371,0.055539282,-0.108839491,-0.037387694,-0.000567545,0.037801887,0.107939676,0.000713892
v_Intercept_subj.147547787,-0.028646426,0.100373984,-0.230674702,-0.093538226,-0.029272784,0.036483104,0.171401907,0.001520869
v_Intercept_subj.148334112,-0.040640327,0.060684192,-0.162945678,-0.081195242,-0.039985634,0.000696757,0.076788919,0.000958831
v_Intercept_subj.176326342,-0.016693117,0.092545307,-0.19855202,-0.077593048,-0.017588243,0.042897605,0.168606533,0.001389323
v_Intercept_subj.189660560,0.040243162,0.071057298,-0.0969875,-0.006189943,0.039309582,0.087443502,0.181757433,0.001009137
v_Intercept_subj.192065971,-0.016209548,0.05593258,-0.125251264,-0.054384193,-0.015673939,0.020938193,0.095162011,0.000908479
v_Intercept_subj.218675715,-0.077457833,0.073630137,-0.22371165,-0.128148679,-0.075681543,-0.027362965,0.064878581,0.001490312
v_Intercept_subj.224184422,-0.01964363,0.062112519,-0.141891924,-0.062254249,-0.020319512,0.023146105,0.102535758,0.000944684
v_Intercept_subj.224557592,-0.05119651,0.063983904,-0.180847831,-0.092715929,-0.051035231,-0.007641986,0.072333537,0.001044388
v_Intercept_subj.245315813,-0.026124003,0.059659083,-0.144217264,-0.066416673,-0.025688692,0.013903548,0.090572962,0.0009271
v_Intercept_subj.251264572,-0.082242593,0.05885792,-0.199944396,-0.12180679,-0.080709959,-0.042394794,0.031476412,0.001113548
v_Intercept_subj.251653297,-0.018351133,0.096718511,-0.210839549,-0.083114354,-0.01616652,0.044939516,0.177598452,0.001464355
v_Intercept_subj.252234006,0.05708524,0.087853355,-0.109948919,-0.001401131,0.055340922,0.115961751,0.231454582,0.00156755
v_Intercept_subj.254632445,0.055088476,0.092638975,-0.12730874,-0.005806593,0.053595609,0.116274877,0.237855594,0.001448947
v_Intercept_subj.278773301,0.035729294,0.060997991,-0.084896849,-0.004600315,0.035567315,0.076569561,0.15461398,0.000926472
v_Intercept_subj.294041592,0.017895899,0.072503077,-0.125721851,-0.029822488,0.017046612,0.065397007,0.15880703,0.0014488
v_Intercept_subj.299760590,-0.025861479,0.058125465,-0.139446745,-0.064679277,-0.025615963,0.01317623,0.088917307,0.000813899
v_Intercept_subj.312902548,-0.010439718,0.079497563,-0.167286766,-0.06408061,-0.009617709,0.04298154,0.143013824,0.001163632
v_Intercept_subj.321769333,-0.016832673,0.060703252,-0.136669565,-0.057893334,-0.016968386,0.025087038,0.099517052,0.000862615
v_Intercept_subj.324908376,0.075983983,0.055263957,-0.032198541,0.038832137,0.075823591,0.113359029,0.186757632,0.000764574
v_Intercept_subj.331590088,-0.017045843,0.072542229,-0.162582927,-0.064323899,-0.016735037,0.031867684,0.122580889,0.001331972
v_Intercept_subj.333010087,-0.048363052,0.0491759,-0.145267785,-0.081016684,-0.048309078,-0.015499047,0.046633716,0.00087217
v_Intercept_subj.334324861,-0.044298651,0.099343052,-0.238569788,-0.108978212,-0.044674759,0.022145288,0.151654296,0.001422008
v_Intercept_subj.336172395,-0.048552599,0.104442092,-0.262189589,-0.11533905,-0.047250818,0.020134812,0.153637613,0.001671647
v_Intercept_subj.349171132,-0.061458412,0.090063721,-0.241732243,-0.120961141,-0.06126205,-0.00136527,0.11588505,0.001467147
v_Intercept_subj.350745134,0.139924295,0.076602574,-0.006962396,0.086511304,0.139146911,0.19134089,0.296584552,0.001301996
v_Intercept_subj.351777009,-0.026249203,0.100100279,-0.226378187,-0.091437667,-0.024648697,0.039987474,0.16996301,0.001537227
v_Intercept_subj.355043712,0.081384673,0.057024398,-0.028983837,0.043407071,0.081653124,0.118965672,0.193565852,0.001131999
v_Intercept_subj.367119634,0.023118559,0.077946721,-0.126361391,-0.03058421,0.022627612,0.075804411,0.17858774,0.001198115
v_Intercept_subj.374844073,-0.029579998,0.06389091,-0.156552071,-0.071954408,-0.028829406,0.013158118,0.096730065,0.0008591
v_Intercept_subj.374999420,0.055016379,0.057447726,-0.055384017,0.016228618,0.0539887,0.092788198,0.169739387,0.001052342
v_Intercept_subj.394422911,-0.084614773,0.055246553,-0.196790749,-0.121331041,-0.085247132,-0.046903201,0.022634286,0.000859766
v_Intercept_subj.396122776,-0.008302731,0.056907252,-0.116652532,-0.046953796,-0.006942929,0.029533534,0.108177668,0.000922419
v_Intercept_subj.408368411,-0.014440647,0.092270109,-0.195693828,-0.07565754,-0.014386121,0.046730108,0.164252692,0.001392628
v_Intercept_subj.432332461,-0.018100918,0.094958783,-0.201392446,-0.081472765,-0.019934916,0.044019622,0.172337496,0.001488863
v_Intercept_subj.433311086,-0.053729952,0.059430565,-0.170202505,-0.095041711,-0.053048131,-0.013829715,0.064195059,0.000882161
v_Intercept_subj.446421117,-0.032637658,0.101333512,-0.236863622,-0.098623949,-0.032025189,0.03604802,0.161635732,0.001536352
v_Intercept_subj.449943813,0.007409655,0.062806651,-0.115786828,-0.034495472,0.007420329,0.049569436,0.130731414,0.00104695
v_Intercept_subj.452249694,-0.199335099,0.064592901,-0.326458364,-0.242283172,-0.198107599,-0.155708371,-0.074540088,0.001156452
v_Intercept_subj.455194813,-0.004306236,0.081279458,-0.163504561,-0.058825544,-0.003271467,0.052315274,0.150508587,0.001249199
v_Intercept_subj.455717130,-0.013523449,0.058421279,-0.129686087,-0.052612836,-0.014013627,0.025716649,0.101476809,0.000939346
v_Intercept_subj.492518259,0.003296248,0.074673037,-0.144251825,-0.046599431,0.002643707,0.054795365,0.148408854,0.001039521
v_Intercept_subj.502901314,-0.036112481,0.05063477,-0.133840756,-0.07053273,-0.036185008,-0.000903656,0.062291573,0.000803484
v_Intercept_subj.504663288,-0.043922381,0.067198269,-0.178077026,-0.089074278,-0.043977645,0.001700038,0.085069724,0.001199413
v_Intercept_subj.507157861,0.025597198,0.090188327,-0.150943764,-0.033932126,0.025048228,0.084991292,0.201784103,0.001404238
v_Intercept_subj.507740391,-0.023296477,0.065929115,-0.15386338,-0.066783759,-0.023272312,0.021156663,0.104372648,0.001128655
v_Intercept_subj.514268702,-0.025682314,0.098951612,-0.226456224,-0.090503153,-0.024570024,0.041377178,0.168397627,0.001552857
v_Intercept_subj.522579064,0.030431,0.052686966,-0.072874851,-0.004396129,0.030173042,0.065223235,0.133356869,0.000826034
v_Intercept_subj.534449063,0.026913957,0.061239624,-0.094134293,-0.013764533,0.027060927,0.06806278,0.147351683,0.000953515
v_Intercept_subj.539422517,0.041743125,0.061172494,-0.066364962,0.004381521,0.041193261,0.077167333,0.150504238,0.001272985
v_Intercept_subj.546064836,0.097946514,0.09158847,-0.07405065,0.035303228,0.094359702,0.158703354,0.284013661,0.001779751
v_Intercept_subj.561564728,0.022526156,0.059456606,-0.093429563,-0.018544917,0.022223186,0.063118635,0.13706823,0.000854495
v_Intercept_subj.563121476,0.049760578,0.103221571,-0.148256394,-0.020330367,0.047741306,0.11856511,0.25762656,0.001575975
v_Intercept_subj.578711405,0.046994429,0.10160077,-0.149982073,-0.021183986,0.046331311,0.112369778,0.249863679,0.001627392
v_Intercept_subj.584470675,-0.088057611,0.061138748,-0.205522266,-0.127911181,-0.088352349,-0.049058689,0.022936379,0.00091545
v_Intercept_subj.586071473,-0.043194382,0.058294141,-0.15979117,-0.081114295,-0.042662018,-0.004057672,0.069728856,0.000828127
v_Intercept_subj.589703985,0.017738554,0.098338377,-0.17159579,-0.048449096,0.017224117,0.081170806,0.220821411,0.001425041
v_Intercept_subj.605713945,-0.000344032,0.105281331,-0.211555424,-0.070961722,0.000124336,0.070772088,0.207552258,0.001692509
v_Intercept_subj.626227255,0.013429333,0.064203483,-0.110436343,-0.030402501,0.012427129,0.05720765,0.13737521,0.000892544
v_Intercept_subj.628308431,-0.016693963,0.074003253,-0.159397978,-0.066498485,-0.016144792,0.03228131,0.128599541,0.001309021
v_Intercept_subj.630235377,0.034624675,0.087286086,-0.137860243,-0.023194821,0.034705409,0.094230317,0.206728424,0.001255787
v_Intercept_subj.642346147,0.019257433,0.107394187,-0.191223062,-0.049680061,0.018393418,0.088470255,0.230025558,0.001768346
v_Intercept_subj.650974545,-0.019989067,0.088763167,-0.197725866,-0.079701281,-0.02003255,0.039395828,0.156933646,0.001542335
v_Intercept_subj.652231699,-0.092824015,0.076408718,-0.245960577,-0.142944526,-0.093385548,-0.041701702,0.05505009,0.001015428
v_Intercept_subj.657894484,-0.167143112,0.088262704,-0.347517308,-0.223940963,-0.165968166,-0.106152254,-0.004968121,0.001909647
v_Intercept_subj.664438269,-0.063473992,0.058498112,-0.178794555,-0.10254374,-0.063782633,-0.024376672,0.05302662,0.000910879
v_Intercept_subj.673728725,-0.033226504,0.055086703,-0.143270657,-0.069778738,-0.032127009,0.003440886,0.073737976,0.000803174
v_Intercept_subj.683861923,-0.013331184,0.085803529,-0.184262909,-0.068620188,-0.015447521,0.043356446,0.16020262,0.001197642
v_Intercept_subj.696039965,0.022953265,0.057891796,-0.089239584,-0.016874274,0.022572306,0.061744823,0.13677611,0.000913552
v_Intercept_subj.716236442,0.039817896,0.059485665,-0.074500713,-0.000626396,0.038634092,0.079894448,0.160135419,0.000815261
v_Intercept_subj.717256200,0.108467954,0.055496512,0.001309731,0.070168055,0.107726413,0.145365323,0.220075482,0.000842803
v_Intercept_subj.718176674,0.016472623,0.088038197,-0.161583294,-0.042109979,0.016308791,0.076376365,0.187594585,0.001497532
v_Intercept_subj.720435955,0.005862538,0.062966218,-0.116394259,-0.038198307,0.006688642,0.04801095,0.129899624,0.000960632
v_Intercept_subj.733093513,0.069593816,0.076498696,-0.081096366,0.019657471,0.068232281,0.12086118,0.222922747,0.001261254
v_Intercept_subj.749079099,0.097654008,0.095500028,-0.084683803,0.03241577,0.09641391,0.159582457,0.293722234,0.002125895
v_Intercept_subj.755075290,0.040413826,0.105440672,-0.163663179,-0.029549484,0.038462935,0.107763418,0.257266272,0.00174936
v_Intercept_subj.770588123,-0.048592153,0.073129984,-0.198361432,-0.096087068,-0.049135516,-0.000147088,0.091133382,0.001049106
v_Intercept_subj.778697233,-0.068411088,0.086269997,-0.24386129,-0.125749159,-0.066756857,-0.009176982,0.094197315,0.001457349
v_Intercept_subj.779970594,0.222947392,0.106445988,0.024888554,0.149440088,0.218761413,0.292278346,0.442676824,0.002744602
v_Intercept_subj.789515489,-0.09765821,0.05490302,-0.207279622,-0.133802154,-0.096740886,-0.060588681,0.007313953,0.000911449
v_Intercept_subj.796639530,0.007472515,0.087167595,-0.167930384,-0.050778262,0.008111635,0.065633334,0.177913746,0.001279579
v_Intercept_subj.815555952,0.009165857,0.052573549,-0.092581228,-0.026962496,0.008594474,0.045007985,0.111517904,0.000800902
v_Intercept_subj.828632181,-0.028575509,0.101899823,-0.226678866,-0.095300176,-0.027820777,0.038132178,0.16912805,0.001586048
v_Intercept_subj.840480197,-0.012219306,0.105758544,-0.223199386,-0.079145594,-0.011374812,0.054991145,0.195586942,0.001370826
v_Intercept_subj.846755060,0.072701091,0.062031672,-0.050283737,0.03084236,0.072302592,0.114507159,0.196778756,0.001033309
v_Intercept_subj.860810996,-0.039559663,0.066356936,-0.170932074,-0.084088864,-0.03974401,0.004921492,0.092526276,0.001142142
v_Intercept_subj.874342939,-0.005995349,0.066680658,-0.135888712,-0.050387265,-0.005200597,0.038441644,0.128119145,0.000956058
v_Intercept_subj.885985637,-0.027152357,0.103122085,-0.230245433,-0.095473772,-0.026660478,0.041399785,0.175660395,0.001457561
v_Intercept_subj.889540573,-0.049337411,0.102497688,-0.255596043,-0.116524711,-0.049618874,0.017722942,0.147978005,0.001514678
v_Intercept_subj.891299842,-0.034857234,0.056910984,-0.143925591,-0.074208238,-0.035118624,0.003174098,0.078833074,0.000808098
v_Intercept_subj.894143700,-0.101571,0.0625941,-0.229852071,-0.143913528,-0.100828536,-0.059555872,0.019249292,0.001002866
v_Intercept_subj.904039471,-0.006348611,0.10251969,-0.211020381,-0.073142406,-0.004579486,0.061627226,0.197118686,0.001671797
v_Intercept_subj.909861321,0.021248139,0.066042513,-0.107326507,-0.022066833,0.021252055,0.06466291,0.15113334,0.000975438
v_Intercept_subj.910114803,-0.039091246,0.055720048,-0.149560991,-0.076567646,-0.039070522,-0.002292528,0.072341573,0.000756563
v_Intercept_subj.911960296,0.011997617,0.096495791,-0.172915726,-0.051877854,0.011798613,0.075115345,0.206272105,0.001651977
v_Intercept_subj.923162466,-0.149684544,0.096100471,-0.348169106,-0.210720911,-0.14808122,-0.085200939,0.031609856,0.002116886
v_Intercept_subj.931420970,0.000734834,0.066003869,-0.125318381,-0.044696755,0.000457517,0.046382568,0.131069398,0.001032897
v_Intercept_subj.933260573,0.298455782,0.105443338,0.103315532,0.224791403,0.293934823,0.367250625,0.512093765,0.003938085
v_Intercept_subj.945098209,0.050815675,0.093574488,-0.12996221,-0.011171141,0.049459792,0.11143626,0.239236875,0.001445312
v_Intercept_subj.949645864,0.001972082,0.099497621,-0.196366376,-0.06421457,0.002129897,0.068658511,0.194980941,0.001499628
v_Intercept_subj.949879914,0.017336681,0.092681639,-0.165564388,-0.044754455,0.016721794,0.081028085,0.194797898,0.001447734
v_Intercept_subj.956660069,0.015788437,0.094587994,-0.165093924,-0.048476132,0.015216805,0.078201088,0.203667924,0.001453723
v_Intercept_subj.961875421,0.010661645,0.071328355,-0.129464839,-0.038106698,0.010023216,0.059494292,0.148286196,0.001018393
v_Intercept_subj.964326783,-0.0041949,0.059827959,-0.122820981,-0.044156358,-0.004958032,0.036901895,0.110077171,0.000922321
v_Intercept_subj.968634301,-0.05486672,0.087098143,-0.224026849,-0.113788927,-0.054520976,0.004628226,0.11195642,0.001294245
v_Intercept_subj.971172922,-0.01423406,0.105857079,-0.223001702,-0.083567136,-0.01503243,0.056175843,0.194115428,0.001620187
v_Intercept_subj.977170877,-0.02447418,0.059557762,-0.14323338,-0.0639537,-0.024388829,0.015695138,0.091748118,0.000919411
v_Intercept_subj.979660929,-0.030566974,0.062984667,-0.154863193,-0.072197276,-0.03077679,0.012027504,0.09332281,0.000905015
v_Intercept_subj.984661157,-0.000318151,0.095353122,-0.18884588,-0.064642072,-0.000159871,0.063280024,0.18832147,0.00155606
v_Intercept_subj.985750851,-0.026920093,0.058897905,-0.140684929,-0.064153713,-0.026762028,0.010198372,0.084942419,0.000970042
v_stim_n,0.000661055,0.00346088,-0.005875016,-0.001786997,0.000567541,0.003086961,0.007272223,0.00024116
v_stim_n_std,0.007020117,0.004129516,0.000579608,0.003977297,0.00630607,0.009584672,0.016227537,0.000346654
v_stim_n_subj.2884955,-0.000635884,0.009057935,-0.021162491,-0.005103248,0.000122341,0.004857694,0.015619365,0.000317486
v_stim_n_subj.3964964,0.001390288,0.008754364,-0.016281538,-0.003305623,0.001427529,0.005966389,0.01903714,0.000252032
v_stim_n_subj.12919430,0.000210437,0.008070591,-0.016776381,-0.00430502,0.000600385,0.005036189,0.016169891,0.000262806
v_stim_n_subj.34984274,0.001307064,0.00848008,-0.016429564,-0.003332485,0.001582904,0.005887352,0.019556342,0.000247808
v_stim_n_subj.41833230,6.53E-05,0.008712609,-0.018514739,-0.004605462,0.000460235,0.005109247,0.017100339,0.000276735
v_stim_n_subj.43020357,0.000631822,0.008988142,-0.017968578,-0.004243387,0.000927818,0.00542577,0.019382438,0.000287329
v_stim_n_subj.48595352,-0.000513998,0.008452365,-0.019192421,-0.004887579,-1.04E-05,0.004902135,0.015132575,0.000304086
v_stim_n_subj.48977487,4.44E-05,0.008879156,-0.019970271,-0.004576932,0.000602026,0.005233088,0.017541187,0.000288403
v_stim_n_subj.56470734,0.000558875,0.008549783,-0.017256051,-0.004031454,0.000825137,0.00535288,0.017360608,0.000269865
v_stim_n_subj.74263281,0.000517423,0.008390642,-0.017382297,-0.003973359,0.000881436,0.005352009,0.017308921,0.000257954
v_stim_n_subj.75969320,0.000771479,0.008668429,-0.017596269,-0.004021673,0.001007871,0.005678374,0.018291395,0.000268053
v_stim_n_subj.92774005,0.003585171,0.008726942,-0.012093412,-0.001577762,0.003167143,0.007522009,0.024040698,0.000317614
v_stim_n_subj.96226407,7.61E-05,0.008032766,-0.016996102,-0.004387044,0.000511456,0.005081921,0.014862354,0.000264467
v_stim_n_subj.97123322,0.001074252,0.008738137,-0.017712381,-0.003628409,0.001234016,0.005753497,0.018838264,0.000268564
v_stim_n_subj.100416772,0.002926003,0.007898056,-0.011802331,-0.001975997,0.002761306,0.006833503,0.021142572,0.00025831
v_stim_n_subj.102783161,0.000670329,0.008881409,-0.018408388,-0.004068376,0.00100069,0.005570649,0.018596717,0.000273001
v_stim_n_subj.103303422,0.000571845,0.008995249,-0.019152958,-0.003979142,0.001010461,0.005469663,0.018304086,0.000274598
v_stim_n_subj.120939072,0.000175171,0.008442621,-0.018565665,-0.004253598,0.000606594,0.005174666,0.01627944,0.000260669
v_stim_n_subj.129490812,0.000789239,0.008726698,-0.017740025,-0.003807003,0.001019856,0.005568333,0.01871809,0.000273253
v_stim_n_subj.130271607,6.42E-05,0.009113435,-0.020025581,-0.004478912,0.000635538,0.005307474,0.017146779,0.00029422
v_stim_n_subj.130941034,0.001204187,0.009051538,-0.016945589,-0.003686869,0.001344716,0.005737687,0.020222016,0.000263138
v_stim_n_subj.134057190,0.002901583,0.008019898,-0.012592115,-0.001836392,0.002582576,0.006782222,0.021271534,0.000271116
v_stim_n_subj.147547787,0.000225591,0.008820423,-0.01899294,-0.004342535,0.000602937,0.005239393,0.017307725,0.000282663
v_stim_n_subj.148334112,0.000603726,0.008271794,-0.017305448,-0.003966944,0.000902075,0.005331505,0.017262619,0.000248476
v_stim_n_subj.176326342,0.000364602,0.008715675,-0.018543892,-0.004236404,0.00083205,0.00534415,0.017792742,0.000277771
v_stim_n_subj.189660560,-0.002023467,0.008751462,-0.022404519,-0.006490052,-0.00106057,0.003876047,0.01249331,0.000347541
v_stim_n_subj.192065971,0.003890147,0.008209527,-0.010806379,-0.001243744,0.003386957,0.007769546,0.022744975,0.000320719
v_stim_n_subj.218675715,0.001673022,0.008262855,-0.015273317,-0.003002619,0.001685985,0.006028592,0.019060254,0.000257543
v_stim_n_subj.224184422,-0.000606309,0.008262908,-0.019233427,-0.004891893,8.18E-05,0.004676621,0.014592424,0.000284237
v_stim_n_subj.224557592,-0.000641507,0.008462392,-0.020232786,-0.00491784,-2.78E-05,0.004733626,0.014870085,0.000293089
v_stim_n_subj.245315813,-0.001224027,0.008452672,-0.020832387,-0.005633163,-0.000457954,0.004437897,0.013902541,0.000345749
v_stim_n_subj.251264572,0.000864433,0.008009791,-0.016291969,-0.003705771,0.001056472,0.005562986,0.017316895,0.000255898
v_stim_n_subj.251653297,0.000626683,0.008658217,-0.018353221,-0.003991585,0.000931991,0.005443473,0.018048905,0.000260358
v_stim_n_subj.252234006,0.001079366,0.008821196,-0.017334732,-0.003856167,0.001204565,0.005683176,0.020038363,0.000271884
v_stim_n_subj.254632445,0.000333072,0.008832561,-0.019102093,-0.00435048,0.000752571,0.005308117,0.01811672,0.000269008
v_stim_n_subj.278773301,0.001792736,0.0084278,-0.015536913,-0.003078553,0.001947247,0.006036079,0.02017724,0.000271091
v_stim_n_subj.294041592,-8.73E-05,0.008560627,-0.019092639,-0.004582541,0.000552514,0.005094349,0.016210851,0.000292368
v_stim_n_subj.299760590,0.001036563,0.008193308,-0.015730123,-0.003484535,0.00116897,0.00554856,0.018085919,0.000250495
v_stim_n_subj.312902548,-0.000205516,0.00887027,-0.020414122,-0.004691412,0.00035981,0.005039419,0.01654236,0.000302708
v_stim_n_subj.321769333,-0.000292896,0.008383421,-0.018615073,-0.004610074,0.000215441,0.004897313,0.015546401,0.000298158
v_stim_n_subj.324908376,0.000210331,0.007995308,-0.016501014,-0.004355449,0.000483196,0.0051584,0.016052883,0.000274545
v_stim_n_subj.331590088,-5.06E-05,0.008655057,-0.019449387,-0.004536518,0.000300802,0.005121562,0.01742546,0.000261032
v_stim_n_subj.333010087,0.001192898,0.007790096,-0.014837558,-0.003276771,0.00135954,0.005609356,0.017569717,0.000243108
v_stim_n_subj.334324861,0.000777527,0.008968402,-0.017929579,-0.00390796,0.001065084,0.005470195,0.018811445,0.000260425
v_stim_n_subj.336172395,0.000466774,0.009147149,-0.019225278,-0.004186825,0.000780653,0.005332845,0.019119769,0.000265854
v_stim_n_subj.349171132,0.000534949,0.008821408,-0.018484052,-0.00424229,0.00090187,0.005472722,0.018606135,0.000271832
v_stim_n_subj.350745134,0.002024575,0.008719475,-0.015362227,-0.002844252,0.002091746,0.006345572,0.020694264,0.000270891
v_stim_n_subj.351777009,0.000986189,0.008901921,-0.017021125,-0.003692935,0.00124515,0.005651619,0.018789473,0.000268543
v_stim_n_subj.355043712,0.001756284,0.008114113,-0.014526155,-0.002966625,0.001787106,0.006035072,0.018755626,0.000252968
v_stim_n_subj.367119634,-0.000518423,0.008788844,-0.020154656,-0.004860577,7.54E-05,0.004824892,0.016342009,0.000305452
v_stim_n_subj.374844073,-0.000469139,0.008745528,-0.019359568,-0.005043396,0.000140853,0.005013318,0.016245956,0.000283679
v_stim_n_subj.374999420,0.003736463,0.00830152,-0.01134228,-0.001431512,0.003312279,0.007792784,0.022079348,0.000308351
v_stim_n_subj.394422911,-5.53E-05,0.00805065,-0.017501538,-0.00463522,0.000341218,0.005038132,0.015484234,0.000271791
v_stim_n_subj.396122776,0.000542162,0.008062686,-0.016696341,-0.004120993,0.000826339,0.005361016,0.016683721,0.000260884
v_stim_n_subj.408368411,0.000973449,0.008595997,-0.017528682,-0.003545701,0.001230089,0.005533087,0.019106997,0.000255443
v_stim_n_subj.432332461,0.000915253,0.008730487,-0.017964531,-0.003687104,0.001279329,0.005659734,0.018740846,0.000264278
v_stim_n_subj.433311086,-0.00314906,0.009160829,-0.025492565,-0.007763719,-0.002001633,0.002981006,0.011564574,0.000426117
v_stim_n_subj.446421117,0.000420061,0.008799464,-0.018094582,-0.004069454,0.00081007,0.005409516,0.017746443,0.000262058
v_stim_n_subj.449943813,-0.002493072,0.00900012,-0.024906266,-0.006946689,-0.001223757,0.003531061,0.012212882,0.000393014
v_stim_n_subj.452249694,0.002152957,0.008281791,-0.014089325,-0.00269306,0.002050313,0.006247419,0.020543529,0.000251941
v_stim_n_subj.455194813,0.000269644,0.008830739,-0.018648339,-0.00447366,0.000566407,0.005478898,0.018154262,0.000296016
v_stim_n_subj.455717130,0.003786502,0.008834515,-0.012426548,-0.001396477,0.003347201,0.007831976,0.024232506,0.000303319
v_stim_n_subj.492518259,0.0020393,0.008692731,-0.014753407,-0.002977827,0.001752846,0.006205396,0.022029109,0.00027331
v_stim_n_subj.502901314,0.001713979,0.00770195,-0.013442872,-0.002857411,0.00167156,0.005711468,0.017955237,0.00024159
v_stim_n_subj.504663288,0.005019206,0.008823137,-0.009936964,-0.000516843,0.004342042,0.008929482,0.026823656,0.00036252
v_stim_n_subj.507157861,0.001571915,0.009042832,-0.016824917,-0.003271917,0.001683774,0.005975748,0.021181014,0.000266952
v_stim_n_subj.507740391,-0.001179332,0.008981048,-0.022498234,-0.005710213,-0.000447495,0.004630163,0.01509845,0.000343659
v_stim_n_subj.514268702,0.000395012,0.008768469,-0.018655507,-0.004020832,0.00079637,0.00533812,0.017709845,0.000265367
v_stim_n_subj.522579064,0.002210377,0.008128939,-0.013421805,-0.002465807,0.002159157,0.006158252,0.020333424,0.000262901
v_stim_n_subj.534449063,-0.001113736,0.008311897,-0.020058323,-0.005577009,-0.000392936,0.004357734,0.013936285,0.000315344
v_stim_n_subj.539422517,0.001070195,0.007652146,-0.01509272,-0.003391912,0.001282072,0.005586541,0.016448689,0.000233958
v_stim_n_subj.546064836,0.000433929,0.00884482,-0.018264688,-0.00439822,0.0009128,0.005514555,0.017441804,0.000259189
v_stim_n_subj.561564728,0.001629692,0.008285203,-0.014907983,-0.00311541,0.001570372,0.005986699,0.019736663,0.00027223
v_stim_n_subj.563121476,0.001155636,0.009021601,-0.016852333,-0.003617786,0.001306211,0.005626283,0.020244981,0.000264875
v_stim_n_subj.578711405,0.001141056,0.008687785,-0.016698266,-0.003801681,0.001291255,0.005715195,0.019154034,0.000258953
v_stim_n_subj.584470675,0.002436782,0.008062587,-0.013539227,-0.002347562,0.00236991,0.006548324,0.020340464,0.00024765
v_stim_n_subj.586071473,-0.00030633,0.008159647,-0.017843763,-0.005019274,0.000162593,0.004998887,0.015381309,0.000274745
v_stim_n_subj.589703985,0.000123841,0.008827058,-0.019346595,-0.004411583,0.000508617,0.005329186,0.016937992,0.000290759
v_stim_n_subj.605713945,0.001149189,0.008941796,-0.017122243,-0.003655935,0.001173706,0.005748633,0.020107826,0.000271359
v_stim_n_subj.626227255,0.001237286,0.008543316,-0.016561371,-0.003513834,0.001348782,0.005775027,0.019105429,0.000261002
v_stim_n_subj.628308431,-0.000155207,0.008880652,-0.01991336,-0.004850057,0.000254599,0.005170982,0.017334556,0.000276931
v_stim_n_subj.630235377,0.000772855,0.008735664,-0.017491111,-0.003762593,0.000983147,0.005553651,0.018550218,0.000264259
v_stim_n_subj.642346147,0.000340688,0.008908951,-0.019410943,-0.004338645,0.000760684,0.005358966,0.018442971,0.000263647
v_stim_n_subj.650974545,0.001824477,0.008696912,-0.015409875,-0.003097036,0.001768171,0.006141742,0.021118672,0.0002792
v_stim_n_subj.652231699,0.001064335,0.008739161,-0.01778907,-0.003493982,0.001301188,0.00562782,0.019484545,0.000253733
v_stim_n_subj.657894484,0.000459774,0.008795403,-0.01858034,-0.004072519,0.00085677,0.005455232,0.01748698,0.000265704
v_stim_n_subj.664438269,-0.001241042,0.008634323,-0.021245161,-0.005633323,-0.000512818,0.004385048,0.014479157,0.000325595
v_stim_n_subj.673728725,-0.00075869,0.008169793,-0.018932581,-0.005200368,-0.000276873,0.004596901,0.014268114,0.000299423
v_stim_n_subj.683861923,0.00141024,0.008556596,-0.016470206,-0.003301306,0.001616962,0.005937675,0.019507367,0.000247847
v_stim_n_subj.696039965,0.002511587,0.00825385,-0.012998104,-0.002435929,0.002325279,0.006683113,0.020273765,0.000274432
v_stim_n_subj.716236442,0.001090471,0.008015337,-0.015539802,-0.003344882,0.001306233,0.005534385,0.017670231,0.000239731
v_stim_n_subj.717256200,-0.002122414,0.008237732,-0.021545713,-0.006304106,-0.00136047,0.003539357,0.011627552,0.000353705
v_stim_n_subj.718176674,0.000905613,0.008736141,-0.017784594,-0.003626262,0.001146055,0.005593851,0.018786496,0.000259197
v_stim_n_subj.720435955,-0.000702161,0.008654977,-0.02059496,-0.00525043,3.29E-05,0.004822226,0.015594548,0.000313177
v_stim_n_subj.733093513,0.002908102,0.008813359,-0.013366091,-0.002127947,0.002564581,0.006751026,0.023746373,0.000277305
v_stim_n_subj.749079099,8.85E-05,0.00871281,-0.018972546,-0.004402736,0.000378962,0.005138821,0.01748822,0.000252709
v_stim_n_subj.755075290,0.001034159,0.00895404,-0.017688489,-0.003674634,0.001268798,0.005722322,0.019197812,0.000263313
v_stim_n_subj.770588123,-0.000165967,0.008663394,-0.019724147,-0.004720196,0.000161253,0.005068167,0.016668194,0.000286869
v_stim_n_subj.778697233,0.002032581,0.008784619,-0.014819236,-0.002815002,0.001789982,0.006378787,0.021117062,0.000273805
v_stim_n_subj.779970594,0.000459348,0.008828851,-0.018502791,-0.004015867,0.000885968,0.005409484,0.017700556,0.000269682
v_stim_n_subj.789515489,-0.001985451,0.008547886,-0.021414913,-0.006549893,-0.001083745,0.003840815,0.012369532,0.000354785
v_stim_n_subj.796639530,0.000327047,0.009011999,-0.01965657,-0.004166226,0.000705503,0.005394555,0.017957194,0.000264933
v_stim_n_subj.815555952,-0.003744639,0.008945364,-0.025114939,-0.008301038,-0.002433771,0.00246866,0.00977622,0.000456933
v_stim_n_subj.828632181,0.000763878,0.008620798,-0.017556479,-0.003928022,0.001031713,0.005504214,0.018256501,0.000252924
v_stim_n_subj.840480197,0.000944564,0.009056981,-0.017769536,-0.003705946,0.001184591,0.005656976,0.019053606,0.000272075
v_stim_n_subj.846755060,0.002230126,0.008425764,-0.013888576,-0.002585737,0.001996419,0.006325025,0.020910366,0.000260724
v_stim_n_subj.860810996,0.001686892,0.008336373,-0.015362625,-0.003138585,0.001691953,0.005998844,0.019989511,0.000242509
v_stim_n_subj.874342939,6.82E-05,0.008524165,-0.018409906,-0.004464625,0.000446362,0.005183247,0.016399849,0.00028333
v_stim_n_subj.885985637,0.000869048,0.008758305,-0.017592269,-0.003691858,0.001019842,0.005592158,0.018472794,0.000269823
v_stim_n_subj.889540573,0.000321767,0.009114181,-0.019052886,-0.004330847,0.000663568,0.00531718,0.018518796,0.000270406
v_stim_n_subj.891299842,-0.000512492,0.008425992,-0.020097323,-0.004915424,0.000123164,0.00478497,0.014705131,0.000292362
v_stim_n_subj.894143700,0.002089599,0.008352882,-0.014537596,-0.002646767,0.002093975,0.006323037,0.020745003,0.000258525
v_stim_n_subj.904039471,0.000298517,0.008864759,-0.019133504,-0.004382063,0.00076626,0.005421276,0.017486804,0.00028649
v_stim_n_subj.909861321,0.001779665,0.008444244,-0.015487662,-0.003049628,0.001765979,0.00604406,0.019968733,0.000273275
v_stim_n_subj.910114803,0.002641972,0.008027101,-0.012854638,-0.002220205,0.002516432,0.00667501,0.020978405,0.000276023
v_stim_n_subj.911960296,0.001033841,0.008800301,-0.017309781,-0.003778975,0.001310946,0.005650985,0.019743229,0.000247416
v_stim_n_subj.923162466,0.001308463,0.008698003,-0.016507767,-0.003520163,0.001521234,0.005807969,0.019508502,0.000278619
v_stim_n_subj.931420970,-0.000367445,0.008476458,-0.019242744,-0.004928577,0.000172822,0.004806929,0.015661022,0.000293529
v_stim_n_subj.933260573,0.000312559,0.008883033,-0.01895481,-0.004302409,0.000683817,0.005412454,0.018027988,0.000267813
v_stim_n_subj.945098209,0.000524489,0.009201515,-0.019257439,-0.004086145,0.000804115,0.005475892,0.018521504,0.000268433
v_stim_n_subj.949645864,0.000643665,0.009056326,-0.018393497,-0.004051137,0.000887134,0.005510547,0.019033797,0.000278342
v_stim_n_subj.949879914,-0.000170672,0.008792835,-0.020333568,-0.004724472,0.000379918,0.005029845,0.017049919,0.000297067
v_stim_n_subj.956660069,0.00091173,0.009067763,-0.018296237,-0.003866348,0.0012805,0.005774196,0.019166301,0.000265665
v_stim_n_subj.961875421,0.000699935,0.008513016,-0.017913577,-0.003980377,0.001099746,0.005472691,0.017575771,0.000259647
v_stim_n_subj.964326783,0.000685836,0.008294543,-0.016939377,-0.003905193,0.000981489,0.005428603,0.017351477,0.000256905
v_stim_n_subj.968634301,-0.000487699,0.00888308,-0.019743267,-0.004996977,4.58E-05,0.004974406,0.015610014,0.00030223
v_stim_n_subj.971172922,0.000647673,0.008645612,-0.018045595,-0.004019251,0.001003583,0.005494396,0.018497112,0.000272487
v_stim_n_subj.977170877,0.001489433,0.007913651,-0.01519185,-0.003097668,0.001577554,0.005786482,0.017944898,0.000246088
v_stim_n_subj.979660929,-0.000758392,0.008692422,-0.020523102,-0.005370817,-0.000162532,0.004712656,0.015838683,0.000308975
v_stim_n_subj.984661157,-4.55E-07,0.00893748,-0.019798633,-0.004542493,0.000425945,0.005036957,0.016929216,0.000271593
v_stim_n_subj.985750851,-0.001458484,0.008197887,-0.020209069,-0.006018027,-0.000734518,0.004087889,0.013118733,0.000336409
v_stim_weight,-0.000669809,0.000988172,-0.002593952,-0.001355509,-0.00067202,1.54E-05,0.001305259,3.27E-05
v_stim_weight_std,0.004899761,0.001624159,0.001358156,0.003922566,0.005017868,0.005999747,0.007879434,0.000122721
v_stim_weight_subj.2884955,0.001772163,0.004584284,-0.006716262,-0.001250232,0.001473569,0.004621249,0.011400722,0.000111465
v_stim_weight_subj.3964964,0.000672038,0.005149098,-0.009232991,-0.00258183,0.000400409,0.003762764,0.011566058,0.000109492
v_stim_weight_subj.12919430,0.0002215,0.004293561,-0.00806149,-0.002550418,3.78E-05,0.00287937,0.009091552,7.30E-05
v_stim_weight_subj.34984274,0.00023433,0.004191834,-0.007895553,-0.002426117,9.02E-05,0.002822928,0.008791339,8.06E-05
v_stim_weight_subj.41833230,-0.000318154,0.004436209,-0.009061363,-0.003107261,-0.000440947,0.002415252,0.008790494,7.69E-05
v_stim_weight_subj.43020357,0.001713466,0.004988515,-0.007123392,-0.00165282,0.001246296,0.004850849,0.012463799,0.000124659
v_stim_weight_subj.48595352,0.001801778,0.004412561,-0.006267127,-0.001239273,0.001478785,0.004533742,0.011168284,0.000114237
v_stim_weight_subj.48977487,0.001064868,0.004879434,-0.00828539,-0.002060561,0.000708038,0.003980771,0.011502065,0.00010341
v_stim_weight_subj.56470734,-0.002333595,0.004833465,-0.012667001,-0.005188023,-0.002011194,0.000735019,0.006784628,8.74E-05
v_stim_weight_subj.74263281,-0.000816733,0.004344883,-0.009511503,-0.003412389,-0.000859446,0.00180698,0.008109408,6.57E-05
v_stim_weight_subj.75969320,-0.001557791,0.0048749,-0.012053991,-0.00437163,-0.00139915,0.001419709,0.008034005,8.36E-05
v_stim_weight_subj.92774005,-0.002932603,0.00431625,-0.012105472,-0.005587011,-0.002554906,-0.000132977,0.005142179,9.38E-05
v_stim_weight_subj.96226407,-0.003290372,0.004271402,-0.012711582,-0.005989445,-0.002980183,-0.000427987,0.004581077,0.000100757
v_stim_weight_subj.97123322,0.000924661,0.005133927,-0.009267565,-0.002245202,0.00070978,0.003903731,0.011886898,9.22E-05
v_stim_weight_subj.100416772,-0.000609085,0.004235534,-0.009117021,-0.003255383,-0.000712224,0.002001884,0.008050379,6.17E-05
v_stim_weight_subj.102783161,0.000678174,0.005127461,-0.00911715,-0.002550108,0.000326244,0.003771189,0.01140657,0.00010934
v_stim_weight_subj.103303422,-0.000706501,0.005181888,-0.011331312,-0.00364726,-0.000774619,0.002385519,0.00967331,7.69E-05
v_stim_weight_subj.120939072,-0.00135378,0.00446947,-0.010734797,-0.004113199,-0.001310194,0.001553656,0.007352491,7.69E-05
v_stim_weight_subj.129490812,-0.001300694,0.004787196,-0.011215192,-0.004148756,-0.001232208,0.001639484,0.008325721,6.28E-05
v_stim_weight_subj.130271607,-7.43E-05,0.005073058,-0.009965208,-0.003079274,-0.000314253,0.002912543,0.010715138,7.84E-05
v_stim_weight_subj.130941034,-0.001520454,0.00504318,-0.011943644,-0.004573231,-0.001481723,0.001619043,0.008471488,8.22E-05
v_stim_weight_subj.134057190,0.00024364,0.004040099,-0.007604341,-0.002370593,0.000121679,0.002924296,0.008396725,7.44E-05
v_stim_weight_subj.147547787,0.001575872,0.005102342,-0.007993872,-0.001729745,0.001161275,0.004692897,0.012500083,0.00012138
v_stim_weight_subj.148334112,0.004047151,0.004825131,-0.004057846,0.000478763,0.003618561,0.007234433,0.014542984,0.000167839
v_stim_weight_subj.176326342,-0.000517081,0.004936867,-0.01062147,-0.00344493,-0.000627274,0.00242752,0.009618663,8.85E-05
v_stim_weight_subj.189660560,-0.004171634,0.004849833,-0.01474007,-0.007155498,-0.003629366,-0.000938062,0.004502263,0.000129481
v_stim_weight_subj.192065971,-0.003360168,0.004495477,-0.012797203,-0.006168154,-0.003049652,-0.00040896,0.004784358,0.000108835
v_stim_weight_subj.218675715,-0.002761489,0.003915666,-0.011092575,-0.005195387,-0.002493986,-0.000234624,0.00474205,9.17E-05
v_stim_weight_subj.224184422,-0.001838573,0.004307026,-0.010547405,-0.004480279,-0.001833013,0.000867729,0.006901461,6.97E-05
v_stim_weight_subj.224557592,0.000973736,0.004333413,-0.007612717,-0.001872578,0.000726708,0.003746377,0.009910362,9.16E-05
v_stim_weight_subj.245315813,0.000552042,0.004294232,-0.007683702,-0.002154869,0.000351485,0.003264565,0.009497683,7.79E-05
v_stim_weight_subj.251264572,-0.003353047,0.004881289,-0.013829694,-0.00628443,-0.002916194,-0.000245653,0.005727965,0.000115266
v_stim_weight_subj.251653297,-0.001003599,0.004853564,-0.010905345,-0.003966784,-0.001060231,0.00200783,0.008784982,8.13E-05
v_stim_weight_subj.252234006,0.001118126,0.004936164,-0.00816617,-0.001998028,0.000820382,0.004128871,0.011517626,0.000100595
v_stim_weight_subj.254632445,-0.000130949,0.004864023,-0.009612743,-0.00304599,-0.000317833,0.002775195,0.010164068,7.39E-05
v_stim_weight_subj.278773301,-0.003031071,0.004106634,-0.011783548,-0.005569065,-0.002768032,-0.000364615,0.004735023,8.55E-05
v_stim_weight_subj.294041592,-0.000706591,0.003505682,-0.007758239,-0.002923947,-0.000721279,0.001587109,0.006402012,7.03E-05
v_stim_weight_subj.299760590,0.003661552,0.004505138,-0.003973057,0.000404203,0.003255744,0.006546226,0.013192161,0.00015881
v_stim_weight_subj.312902548,-0.001282549,0.004499048,-0.010789755,-0.003916445,-0.001158375,0.00156172,0.007455652,7.46E-05
v_stim_weight_subj.321769333,-0.002498175,0.004287881,-0.011537401,-0.005134744,-0.002227838,0.000349908,0.005614789,8.95E-05
v_stim_weight_subj.324908376,-0.005552249,0.004686162,-0.015554421,-0.008561491,-0.005108201,-0.002126282,0.002540332,0.00016578
v_stim_weight_subj.331590088,0.001081434,0.004473856,-0.007526599,-0.001805709,0.00080222,0.003879422,0.010503461,0.000104294
v_stim_weight_subj.333010087,-0.004492629,0.004400435,-0.013910952,-0.007246501,-0.004216775,-0.001395696,0.003298352,0.000128237
v_stim_weight_subj.334324861,-0.002083533,0.005069327,-0.012924934,-0.005069817,-0.001758769,0.001135546,0.007359485,9.24E-05
v_stim_weight_subj.336172395,-0.000226649,0.005212169,-0.010661667,-0.003324151,-0.000399402,0.002905943,0.010740907,8.50E-05
v_stim_weight_subj.349171132,-0.000531246,0.005041689,-0.010811049,-0.003538264,-0.000663041,0.002370888,0.009804049,8.36E-05
v_stim_weight_subj.350745134,0.001631091,0.004570065,-0.006731511,-0.001443975,0.001371963,0.004397858,0.011254997,0.000112152
v_stim_weight_subj.351777009,-0.000650948,0.00517162,-0.011104381,-0.003765605,-0.00073151,0.002477569,0.010088185,7.43E-05
v_stim_weight_subj.355043712,0.002197975,0.0044396,-0.005871202,-0.000940825,0.001932325,0.005020403,0.011497647,0.000120218
v_stim_weight_subj.367119634,-0.000814827,0.004712039,-0.010398403,-0.00361502,-0.000884684,0.002059331,0.008560647,7.68E-05
v_stim_weight_subj.374844073,-0.000819709,0.004355158,-0.009497425,-0.003526687,-0.000855415,0.001925874,0.007789825,6.95E-05
v_stim_weight_subj.374999420,0.002302567,0.00455942,-0.005770836,-0.000897586,0.001930004,0.00513576,0.012036897,0.000128943
v_stim_weight_subj.394422911,0.001993908,0.004330682,-0.005931465,-0.001039702,0.001741381,0.004723025,0.011146332,0.000114176
v_stim_weight_subj.396122776,-0.001992186,0.00432231,-0.010975505,-0.004745077,-0.001800218,0.000692864,0.006629095,6.84E-05
v_stim_weight_subj.408368411,-0.000324216,0.005005394,-0.010392215,-0.003319226,-0.000492451,0.002714904,0.010309646,7.14E-05
v_stim_weight_subj.432332461,0.000198299,0.005033177,-0.009708932,-0.002956941,-6.89E-06,0.003270437,0.010777195,7.67E-05
v_stim_weight_subj.433311086,-0.003158104,0.004294568,-0.01229956,-0.005738046,-0.002968039,-0.000422069,0.00487663,9.99E-05
v_stim_weight_subj.446421117,-0.000954397,0.00512337,-0.011564008,-0.003934734,-0.00093926,0.002167392,0.009363085,7.32E-05
v_stim_weight_subj.449943813,-0.004305867,0.004696172,-0.014506625,-0.007225244,-0.003945073,-0.001195959,0.004431652,0.000126404
v_stim_weight_subj.452249694,0.000835968,0.004210774,-0.007204467,-0.001935225,0.000609854,0.003481343,0.009559239,8.07E-05
v_stim_weight_subj.455194813,0.001440382,0.004716438,-0.007372054,-0.001615746,0.001099496,0.004294233,0.011427563,0.000107684
v_stim_weight_subj.455717130,-0.003155122,0.004005387,-0.011697431,-0.005618547,-0.00292044,-0.000571044,0.004507604,8.98E-05
v_stim_weight_subj.492518259,0.000737018,0.004594901,-0.008013254,-0.002251416,0.000430995,0.003613596,0.01032977,9.61E-05
v_stim_weight_subj.502901314,0.002188076,0.004256533,-0.00564709,-0.000774634,0.001960469,0.004936269,0.011019701,0.000123665
v_stim_weight_subj.504663288,-0.001736683,0.003634407,-0.009148586,-0.004046823,-0.001721776,0.000608032,0.005365704,6.84E-05
v_stim_weight_subj.507157861,-0.001576984,0.004758906,-0.01150413,-0.004449036,-0.001458312,0.001405647,0.007589649,7.43E-05
v_stim_weight_subj.507740391,0.000437782,0.004254828,-0.007869161,-0.002285074,0.000283532,0.003172194,0.009223065,7.03E-05
v_stim_weight_subj.514268702,0.000943399,0.005088324,-0.008782316,-0.002288474,0.000550995,0.004029308,0.012113741,0.000100704
v_stim_weight_subj.522579064,0.0018399,0.00437599,-0.006378779,-0.00116744,0.001487021,0.004595899,0.011205222,0.000112202
v_stim_weight_subj.534449063,-0.001073397,0.004390998,-0.00988739,-0.003803853,-0.001102203,0.001678788,0.007577411,6.19E-05
v_stim_weight_subj.539422517,-0.003106854,0.004756472,-0.013397811,-0.005937105,-0.002774377,-6.61E-05,0.00567735,0.000105423
v_stim_weight_subj.546064836,0.001053065,0.004827482,-0.00833094,-0.002031005,0.000780454,0.004046947,0.011498714,8.99E-05
v_stim_weight_subj.561564728,0.002246874,0.004440998,-0.005721946,-0.000846656,0.00190006,0.005096498,0.011796285,0.000121324
v_stim_weight_subj.563121476,2.57E-05,0.00520685,-0.010059015,-0.003045638,-0.000291514,0.00312041,0.011340673,8.75E-05
v_stim_weight_subj.578711405,-0.001884718,0.005207358,-0.012928995,-0.004871401,-0.001668438,0.001272956,0.008248963,9.98E-05
v_stim_weight_subj.584470675,0.002115582,0.004421843,-0.005923374,-0.00096093,0.001815794,0.004934444,0.011544529,0.000112673
v_stim_weight_subj.586071473,-0.003562651,0.004338972,-0.012753826,-0.006329919,-0.003210146,-0.000718677,0.004655497,0.000108527
v_stim_weight_subj.589703985,-0.001148736,0.004994592,-0.011746659,-0.004104697,-0.00115143,0.001900871,0.008968386,8.34E-05
v_stim_weight_subj.605713945,7.97E-05,0.005166636,-0.010118118,-0.003002814,-0.000202701,0.003254996,0.011138339,9.12E-05
v_stim_weight_subj.626227255,-0.000320445,0.004372021,-0.008997241,-0.003095059,-0.000405931,0.002393054,0.008730207,5.95E-05
v_stim_weight_subj.628308431,0.001698769,0.004686998,-0.006955408,-0.001412689,0.001318293,0.004631832,0.011531073,0.000129788
v_stim_weight_subj.630235377,-0.000797781,0.00475896,-0.010655376,-0.00359975,-0.000867868,0.00214955,0.008749128,6.71E-05
v_stim_weight_subj.642346147,-0.000579036,0.005220155,-0.010926488,-0.003730651,-0.00082532,0.002606969,0.010316909,6.49E-05
v_stim_weight_subj.650974545,-0.001386759,0.004678289,-0.011107844,-0.004293728,-0.00129492,0.001545535,0.007828107,6.98E-05
v_stim_weight_subj.652231699,-0.001582451,0.004634321,-0.011636233,-0.004275813,-0.001448766,0.001278243,0.007270415,6.70E-05
v_stim_weight_subj.657894484,0.001618228,0.004111808,-0.00613177,-0.001180417,0.001352476,0.004265199,0.010217124,0.0001089
v_stim_weight_subj.664438269,0.000478788,0.004197494,-0.007570486,-0.002245195,0.000318067,0.003121495,0.009226102,7.99E-05
v_stim_weight_subj.673728725,-0.002733754,0.003989887,-0.011325283,-0.005237895,-0.002498326,-8.44E-05,0.004683202,8.56E-05
v_stim_weight_subj.683861923,-0.003013427,0.004788578,-0.013655539,-0.005813436,-0.002666533,4.43E-05,0.005668011,0.000102705
v_stim_weight_subj.696039965,-0.004123787,0.004208869,-0.013111441,-0.006812822,-0.003771124,-0.001204861,0.003573195,0.000117732
v_stim_weight_subj.716236442,-0.001610116,0.004165596,-0.009990804,-0.004172243,-0.001541226,0.000987611,0.006745355,7.57E-05
v_stim_weight_subj.717256200,-0.003362578,0.004084203,-0.012003746,-0.005855089,-0.003109471,-0.000641087,0.004112978,9.00E-05
v_stim_weight_subj.718176674,0.000473549,0.004920776,-0.009126703,-0.002522177,0.0002223,0.003420884,0.010964865,8.67E-05
v_stim_weight_subj.720435955,-0.003098417,0.004252508,-0.011950925,-0.005800982,-0.002857992,-0.00032164,0.004959492,9.72E-05
v_stim_weight_subj.733093513,-0.00031573,0.004325092,-0.00884159,-0.003024232,-0.000419497,0.00234311,0.008499554,6.75E-05
v_stim_weight_subj.749079099,0.001190613,0.004952282,-0.008055768,-0.001994667,0.000935114,0.004142688,0.011612828,0.000126059
v_stim_weight_subj.755075290,5.52E-06,0.00521858,-0.010374838,-0.00310543,-0.000197545,0.003051428,0.011142252,8.65E-05
v_stim_weight_subj.770588123,-0.000421064,0.004572628,-0.009313933,-0.003237976,-0.000570631,0.00236287,0.009199892,7.24E-05
v_stim_weight_subj.778697233,-0.002434552,0.004701596,-0.012408947,-0.005209197,-0.002167533,0.000489683,0.006733552,9.16E-05
v_stim_weight_subj.779970594,-0.002401663,0.004880482,-0.012885286,-0.00537577,-0.002069722,0.000687675,0.007078375,0.00010163
v_stim_weight_subj.789515489,-0.002951691,0.004013277,-0.011492016,-0.005400295,-0.002680106,-0.000382815,0.00465256,8.60E-05
v_stim_weight_subj.796639530,0.000806379,0.004919807,-0.00867443,-0.002338954,0.000479457,0.003826194,0.01101644,9.68E-05
v_stim_weight_subj.815555952,-0.001403786,0.003997518,-0.009766991,-0.003842933,-0.001358658,0.001131409,0.006413794,7.02E-05
v_stim_weight_subj.828632181,-0.001495109,0.00514433,-0.012577783,-0.004590394,-0.00139393,0.001622009,0.008594255,7.27E-05
v_stim_weight_subj.840480197,-0.000286987,0.005202043,-0.010567174,-0.0033628,-0.000459763,0.002756737,0.010948241,7.86E-05
v_stim_weight_subj.846755060,0.004181718,0.005130799,-0.004471048,0.000526226,0.003640874,0.007397607,0.015562364,0.000188086
v_stim_weight_subj.860810996,-0.001211099,0.004470462,-0.010420992,-0.003931429,-0.001151978,0.001498752,0.007862398,7.21E-05
v_stim_weight_subj.874342939,-0.000674954,0.004290818,-0.009324013,-0.003273117,-0.000738913,0.001932905,0.008116276,5.85E-05
v_stim_weight_subj.885985637,0.000585623,0.005226933,-0.009470573,-0.00265842,0.000286391,0.003680102,0.011780019,0.000101742
v_stim_weight_subj.889540573,-0.000122578,0.005039221,-0.010040006,-0.003222152,-0.000313971,0.002875263,0.010405691,9.25E-05
v_stim_weight_subj.891299842,-0.003978935,0.00430793,-0.013282117,-0.006651681,-0.003555089,-0.001069857,0.003694012,0.000121575
v_stim_weight_subj.894143700,-0.00654108,0.005025955,-0.017639374,-0.009739639,-0.006017295,-0.00274343,0.00165762,0.000195134
v_stim_weight_subj.904039471,-0.001417786,0.005101128,-0.012103445,-0.004440747,-0.001265343,0.001741474,0.008606925,7.78E-05
v_stim_weight_subj.909861321,-0.002496813,0.004491167,-0.012118537,-0.005181479,-0.002226919,0.000299686,0.006147626,8.91E-05
v_stim_weight_subj.910114803,0.002263856,0.004375633,-0.00545428,-0.000809297,0.001903497,0.005076839,0.011572477,0.000118222
v_stim_weight_subj.911960296,0.000165294,0.004910921,-0.009233936,-0.0029199,-5.11E-05,0.003178586,0.010331867,8.35E-05
v_stim_weight_subj.923162466,0.003926249,0.005264813,-0.004977685,0.000117046,0.003409822,0.007161608,0.015795764,0.000189542
v_stim_weight_subj.931420970,0.00372661,0.004771648,-0.004351934,0.000294846,0.003329982,0.006711425,0.014259053,0.000162724
v_stim_weight_subj.933260573,-0.009376585,0.005468928,-0.020771836,-0.013041687,-0.009123596,-0.005267282,-0.000284913,0.00028538
v_stim_weight_subj.945098209,-0.004044904,0.005085169,-0.01513889,-0.007149294,-0.003545409,-0.000624667,0.005108507,0.000142778
v_stim_weight_subj.949645864,-0.001706163,0.005057695,-0.012638525,-0.004585672,-0.001481507,0.001300402,0.008149528,7.31E-05
v_stim_weight_subj.949879914,-0.002243429,0.004984511,-0.013153188,-0.00521226,-0.001891201,0.000836462,0.007254628,0.000106574
v_stim_weight_subj.956660069,-0.001562393,0.004874548,-0.011989547,-0.004482489,-0.0014742,0.001432955,0.007790577,8.45E-05
v_stim_weight_subj.961875421,0.002415958,0.004541312,-0.005732055,-0.000775446,0.00197989,0.005293947,0.012334522,0.000126947
v_stim_weight_subj.964326783,0.003135151,0.004794699,-0.005319152,-0.000255306,0.002713097,0.006158278,0.013601753,0.000147897
v_stim_weight_subj.968634301,-0.000429522,0.004179906,-0.008726277,-0.003084455,-0.000541392,0.002201635,0.008032295,6.52E-05
v_stim_weight_subj.971172922,-0.001288384,0.005222146,-0.012344004,-0.004268405,-0.001162296,0.001801372,0.009193117,6.85E-05
v_stim_weight_subj.977170877,-0.002067251,0.004451222,-0.011519158,-0.004770796,-0.001937623,0.000705587,0.006662834,7.53E-05
v_stim_weight_subj.979660929,0.003247299,0.00454511,-0.004546441,2.47E-05,0.002879945,0.00594369,0.013302146,0.000154593
v_stim_weight_subj.984661157,-0.001415887,0.004908406,-0.011343333,-0.00428556,-0.001333722,0.001494144,0.00840381,8.48E-05
v_stim_weight_subj.985750851,-0.002007766,0.004204334,-0.010773114,-0.004578216,-0.001930077,0.000663622,0.006191374,7.39E-05
z_Intercept,0.517433662,0.003955825,0.5096447,0.514900681,0.517299847,0.52014047,0.525410157,0.000182822
z_Intercept_std,0.058226639,0.028131126,0.009901291,0.037611766,0.058067656,0.078490357,0.112911443,0.002395802
z_Intercept_subj.2884955,0.51571354,0.015146971,0.483129764,0.507847917,0.516272522,0.5239625,0.547274907,0.000351813
z_Intercept_subj.3964964,0.509171408,0.014584163,0.476341899,0.50110133,0.51129659,0.518587773,0.534409267,0.000492458
z_Intercept_subj.12919430,0.518224158,0.015378959,0.486229399,0.509814684,0.517670296,0.526731533,0.5502271,0.000292151
z_Intercept_subj.34984274,0.519589307,0.015484603,0.489035644,0.510948775,0.518664811,0.528027733,0.554316005,0.000313651
z_Intercept_subj.41833230,0.510234474,0.015890916,0.474030258,0.501875528,0.512325442,0.519688772,0.539032121,0.000481523
z_Intercept_subj.43020357,0.519674879,0.014944397,0.489839688,0.511165052,0.518779284,0.528036714,0.552150868,0.000330891
z_Intercept_subj.48595352,0.535350402,0.021714318,0.505309706,0.51929023,0.53062346,0.547015662,0.586723236,0.001224797
z_Intercept_subj.48977487,0.514568948,0.01488241,0.481892494,0.50646405,0.515260872,0.523084323,0.543833537,0.000286178
z_Intercept_subj.56470734,0.513924741,0.015136833,0.480394653,0.505658828,0.515084578,0.522571003,0.543324755,0.000347369
z_Intercept_subj.74263281,0.510414486,0.015736744,0.473589974,0.502380564,0.512657916,0.519863801,0.538576713,0.000478283
z_Intercept_subj.75969320,0.529855854,0.017212116,0.502930631,0.51751923,0.526525837,0.539589253,0.570161764,0.000804744
z_Intercept_subj.92774005,0.516544084,0.014253515,0.486217107,0.508626399,0.516736531,0.524505336,0.545546108,0.000286417
z_Intercept_subj.96226407,0.517923623,0.015060583,0.48653657,0.51003878,0.517478644,0.525997058,0.549558448,0.000279583
z_Intercept_subj.97123322,0.518532374,0.013965823,0.489562075,0.510736401,0.517990233,0.526327891,0.548268581,0.000259679
z_Intercept_subj.100416772,0.520146719,0.015441348,0.490629439,0.511545378,0.518838042,0.528168438,0.554557347,0.000336416
z_Intercept_subj.102783161,0.515967129,0.014456899,0.484427956,0.508137104,0.516661719,0.524057351,0.546021643,0.000279094
z_Intercept_subj.103303422,0.51489528,0.016074573,0.480959429,0.506515988,0.5155677,0.523696419,0.546828708,0.000326099
z_Intercept_subj.120939072,0.516560632,0.01428376,0.48599856,0.509042227,0.516615916,0.524666135,0.546215415,0.000261432
z_Intercept_subj.129490812,0.520017515,0.014598247,0.491069609,0.511662898,0.518964177,0.527798643,0.552145507,0.000307261
z_Intercept_subj.130271607,0.512194896,0.014370473,0.479616169,0.504186286,0.513819503,0.520611569,0.540033883,0.000378859
z_Intercept_subj.130941034,0.5148504,0.014280746,0.483643577,0.507223408,0.515381316,0.522869407,0.543732408,0.000320027
z_Intercept_subj.134057190,0.516056382,0.015547098,0.481761716,0.50812665,0.516439546,0.524667521,0.547305075,0.000290665
z_Intercept_subj.147547787,0.522847171,0.015547088,0.493738143,0.513823559,0.520985528,0.531314711,0.556924106,0.00041869
z_Intercept_subj.148334112,0.5160888,0.014733001,0.483692116,0.50824011,0.516424173,0.524365084,0.545827457,0.000286891
z_Intercept_subj.176326342,0.517510897,0.014929617,0.487298219,0.509282738,0.517309301,0.525796263,0.54917563,0.000287476
z_Intercept_subj.189660560,0.516331476,0.016467128,0.48252202,0.507491569,0.516405807,0.52532213,0.550958932,0.000270631
z_Intercept_subj.192065971,0.522652083,0.015739278,0.493417387,0.513302576,0.520769074,0.531163128,0.558726702,0.000430069
z_Intercept_subj.218675715,0.508884565,0.016414764,0.469277889,0.500467217,0.511727201,0.518928687,0.537463754,0.00059067
z_Intercept_subj.224184422,0.515859256,0.014397643,0.485309394,0.507653556,0.516219809,0.523949686,0.545284041,0.000258328
z_Intercept_subj.224557592,0.524775249,0.015643783,0.497444566,0.514958151,0.522279694,0.533215949,0.562083795,0.000537501
z_Intercept_subj.245315813,0.508604151,0.016163132,0.470839014,0.499853441,0.511383741,0.51887199,0.535703813,0.000591112
z_Intercept_subj.251264572,0.513111519,0.015984214,0.477432346,0.504774531,0.514507337,0.521999758,0.544444519,0.000419492
z_Intercept_subj.251653297,0.514801056,0.014344609,0.483004423,0.506836216,0.515616207,0.523146509,0.541668226,0.000292579
z_Intercept_subj.252234006,0.528677891,0.016625725,0.502235912,0.517069738,0.526076509,0.537913737,0.568301071,0.000730133
z_Intercept_subj.254632445,0.517828408,0.014947226,0.486548686,0.509679803,0.517380609,0.526313084,0.549340792,0.000246463
z_Intercept_subj.278773301,0.521373718,0.014809569,0.493069522,0.512781859,0.51977923,0.529305926,0.554722038,0.000350985
z_Intercept_subj.294041592,0.512794232,0.015930663,0.477366801,0.504687108,0.514399581,0.521808847,0.543198651,0.000405371
z_Intercept_subj.299760590,0.524058406,0.016011084,0.495813,0.513995267,0.521977733,0.532820618,0.560064947,0.000526238
z_Intercept_subj.312902548,0.519565067,0.014885538,0.489880661,0.51103945,0.518483134,0.527698688,0.55252171,0.000319115
z_Intercept_subj.321769333,0.510720369,0.015756011,0.474868448,0.502374282,0.512781793,0.520214622,0.539453713,0.000453463
z_Intercept_subj.324908376,0.518742403,0.015058436,0.487649784,0.510529337,0.518010233,0.527035431,0.551331215,0.000280664
z_Intercept_subj.331590088,0.527343157,0.016131161,0.500313039,0.516427462,0.525000879,0.536206575,0.565818743,0.00065504
z_Intercept_subj.333010087,0.518545233,0.015292783,0.488112919,0.509998142,0.517749672,0.526869375,0.551755678,0.000285014
z_Intercept_subj.334324861,0.516548186,0.016905559,0.481012771,0.508104974,0.516462986,0.525527558,0.55095303,0.000285055
z_Intercept_subj.336172395,0.512975372,0.014986156,0.479103374,0.504502546,0.514311164,0.521861497,0.541694823,0.000340459
z_Intercept_subj.349171132,0.508948013,0.015663059,0.472837952,0.500558367,0.51130111,0.518905567,0.537002282,0.000547306
z_Intercept_subj.350745134,0.510348133,0.015622936,0.475416277,0.501911556,0.512415271,0.519609059,0.538690135,0.000471576
z_Intercept_subj.351777009,0.516905651,0.014310589,0.487037801,0.509142981,0.516797238,0.524677445,0.547582119,0.000247287
z_Intercept_subj.355043712,0.529880816,0.017608189,0.502260499,0.517407675,0.526834693,0.539884123,0.571072688,0.00081127
z_Intercept_subj.367119634,0.515984833,0.014419669,0.484683869,0.508226231,0.516308926,0.524235264,0.545029637,0.000293796
z_Intercept_subj.374844073,0.522549546,0.016523008,0.4915674,0.513176429,0.520362807,0.531516511,0.559626247,0.000455637
z_Intercept_subj.374999420,0.526092513,0.016589155,0.49783963,0.515511552,0.523052911,0.534923406,0.566529397,0.000603578
z_Intercept_subj.394422911,0.522998588,0.015868686,0.494308316,0.513403712,0.520912537,0.531384203,0.559473251,0.00046945
z_Intercept_subj.396122776,0.518604356,0.015379667,0.487949158,0.510116868,0.517889895,0.527116351,0.551151077,0.000302066
z_Intercept_subj.408368411,0.521380072,0.014982298,0.492713264,0.512702657,0.520025925,0.529272855,0.554852791,0.000356278
z_Intercept_subj.432332461,0.520866578,0.015117505,0.491474492,0.512008515,0.519209803,0.529143141,0.555113162,0.000340891
z_Intercept_subj.433311086,0.514047013,0.015278514,0.480396504,0.506243314,0.515114784,0.522671866,0.544122626,0.000313315
z_Intercept_subj.446421117,0.528809866,0.016711454,0.502610393,0.517226964,0.526208905,0.538129244,0.568102436,0.000702956
z_Intercept_subj.449943813,0.523034948,0.015488162,0.495535096,0.51357919,0.521057451,0.531438212,0.558293641,0.000457834
z_Intercept_subj.452249694,0.513854603,0.014907903,0.480922508,0.505803165,0.514744198,0.522208295,0.543403656,0.000349355
z_Intercept_subj.455194813,0.515541564,0.015418053,0.481755215,0.507489898,0.51600709,0.524049334,0.546680089,0.000364462
z_Intercept_subj.455717130,0.509954516,0.016183832,0.47232061,0.501285906,0.512701008,0.519725754,0.538928158,0.000532682
z_Intercept_subj.492518259,0.514365804,0.014857998,0.481524787,0.506264259,0.515274045,0.522664823,0.543288876,0.000328351
z_Intercept_subj.502901314,0.524839204,0.01649314,0.495991523,0.514663629,0.522320574,0.533508448,0.563439679,0.000545925
z_Intercept_subj.504663288,0.526918539,0.017084865,0.498484236,0.515832704,0.523993337,0.536161659,0.567394932,0.000684424
z_Intercept_subj.507157861,0.510546346,0.01580262,0.473928513,0.502148187,0.512960432,0.519940249,0.539017921,0.000462958
z_Intercept_subj.507740391,0.508537246,0.016113903,0.470009497,0.500120556,0.511111128,0.518555911,0.53576491,0.000543619
z_Intercept_subj.514268702,0.509312887,0.015954272,0.472220937,0.50083521,0.511699344,0.519333771,0.536951803,0.000562371
z_Intercept_subj.522579064,0.515768949,0.01538074,0.482339093,0.50741565,0.516139382,0.524318646,0.547633843,0.000275749
z_Intercept_subj.534449063,0.524136393,0.01588668,0.496058687,0.514442957,0.521870862,0.5326305,0.560695392,0.00050368
z_Intercept_subj.539422517,0.518080413,0.015837795,0.48507778,0.509520827,0.517693339,0.526526204,0.552563733,0.000287602
z_Intercept_subj.546064836,0.527166451,0.016236365,0.501051998,0.516201184,0.524315548,0.536193186,0.564517046,0.000651452
z_Intercept_subj.561564728,0.519288622,0.014884913,0.489887913,0.510957555,0.518310497,0.52759226,0.551141819,0.000306802
z_Intercept_subj.563121476,0.51252121,0.014683087,0.478894374,0.504770017,0.514058308,0.521010255,0.54040409,0.000388483
z_Intercept_subj.578711405,0.522015724,0.014778492,0.49422571,0.513047946,0.520345718,0.530196922,0.554640521,0.000414107
z_Intercept_subj.584470675,0.517272605,0.015824801,0.484329005,0.508885642,0.517220609,0.525776976,0.550614983,0.000333214
z_Intercept_subj.586071473,0.520147829,0.015040563,0.489972371,0.511522332,0.519098161,0.528434112,0.553435694,0.000332489
z_Intercept_subj.589703985,0.519415731,0.013866912,0.491573751,0.511454567,0.518657767,0.527267372,0.54950216,0.000278863
z_Intercept_subj.605713945,0.515730575,0.014309807,0.484900228,0.507878811,0.516069974,0.523885796,0.543859607,0.00025789
z_Intercept_subj.626227255,0.520313623,0.015140168,0.490127288,0.511601535,0.518925379,0.528738791,0.553066476,0.000344921
z_Intercept_subj.628308431,0.511258773,0.01569984,0.475313563,0.5028407,0.513049654,0.520831906,0.539137748,0.000457917
z_Intercept_subj.630235377,0.518933233,0.014191381,0.489609899,0.510574171,0.518370286,0.527075234,0.549308984,0.000269393
z_Intercept_subj.642346147,0.519991751,0.014908397,0.489985684,0.511603244,0.518981212,0.527877995,0.552903462,0.000344912
z_Intercept_subj.650974545,0.522233719,0.015260415,0.493476565,0.513169936,0.520494424,0.530868096,0.555993039,0.000389161
z_Intercept_subj.652231699,0.52028248,0.014795726,0.491073469,0.511817047,0.519022227,0.528503895,0.551994898,0.000337274
z_Intercept_subj.657894484,0.524991298,0.015748622,0.497384253,0.515006004,0.522847663,0.533794133,0.560731436,0.000527805
z_Intercept_subj.664438269,0.518728593,0.014612934,0.488833713,0.510387253,0.518170038,0.526777266,0.550559262,0.000279083
z_Intercept_subj.673728725,0.514817395,0.016047061,0.478599046,0.506783721,0.515579346,0.523690319,0.546425851,0.000323058
z_Intercept_subj.683861923,0.504237741,0.017581802,0.462282186,0.49464944,0.508002573,0.516098123,0.531845205,0.00081401
z_Intercept_subj.696039965,0.522748409,0.015977052,0.493053805,0.513370783,0.520900417,0.531171581,0.558436392,0.000442407
z_Intercept_subj.716236442,0.517506483,0.01514971,0.486098469,0.509387375,0.517220114,0.525752633,0.54937397,0.000296659
z_Intercept_subj.717256200,0.514259343,0.014986846,0.47991583,0.506215952,0.515484256,0.522936196,0.542882899,0.000344077
z_Intercept_subj.718176674,0.512345145,0.015010934,0.478402422,0.504314325,0.513814184,0.521215787,0.541402751,0.000370212
z_Intercept_subj.720435955,0.515144737,0.014724877,0.48347516,0.507250618,0.515771934,0.523530096,0.544727552,0.000290425
z_Intercept_subj.733093513,0.523278461,0.01554952,0.495101692,0.513786971,0.521130731,0.531467117,0.558961404,0.000467122
z_Intercept_subj.749079099,0.523215488,0.016785896,0.492696021,0.513412633,0.521006084,0.532075151,0.561464712,0.00061874
z_Intercept_subj.755075290,0.525047252,0.015161715,0.498553595,0.515141655,0.522907456,0.533562096,0.559805067,0.000515485
z_Intercept_subj.770588123,0.513871221,0.014976917,0.482107822,0.5056097,0.514727615,0.522127938,0.543532056,0.000341475
z_Intercept_subj.778697233,0.51492784,0.014923048,0.482866562,0.506793489,0.515484907,0.523126771,0.545061634,0.000291689
z_Intercept_subj.779970594,0.530137939,0.017487234,0.503247504,0.517846191,0.526772791,0.539872847,0.572033804,0.000832497
z_Intercept_subj.789515489,0.511416338,0.016482662,0.473279392,0.502993696,0.513409023,0.520940852,0.541999059,0.000461351
z_Intercept_subj.796639530,0.520475681,0.015132588,0.491037348,0.511771829,0.519174227,0.528618391,0.55484924,0.000346491
z_Intercept_subj.815555952,0.510004363,0.016981051,0.469915812,0.501472443,0.51244654,0.520086048,0.539593166,0.000516906
z_Intercept_subj.828632181,0.509410784,0.015473393,0.474807468,0.50063156,0.511827841,0.519052769,0.536299657,0.000536662
z_Intercept_subj.840480197,0.522352324,0.015316945,0.493503868,0.513152899,0.520751452,0.53079532,0.556723303,0.000437256
z_Intercept_subj.846755060,0.515298688,0.015524813,0.482143981,0.506959411,0.515850323,0.523898235,0.546910112,0.000281178
z_Intercept_subj.860810996,0.512550448,0.015132862,0.479170045,0.504225315,0.514069987,0.521328791,0.541230313,0.000371209
z_Intercept_subj.874342939,0.516079093,0.015039122,0.484328796,0.507787663,0.516232747,0.524356093,0.547013635,0.000296875
z_Intercept_subj.885985637,0.521780502,0.014540756,0.49369976,0.513039508,0.520434122,0.529953888,0.554369442,0.000367077
z_Intercept_subj.889540573,0.510747693,0.014651357,0.476982764,0.502912721,0.512566045,0.51953402,0.53741572,0.000414877
z_Intercept_subj.891299842,0.510793204,0.015775188,0.475110941,0.502564389,0.512742453,0.520216646,0.538844292,0.000455423
z_Intercept_subj.894143700,0.521512929,0.016158743,0.490772493,0.512043663,0.519956517,0.530190205,0.556857745,0.00041567
z_Intercept_subj.904039471,0.51435172,0.014475282,0.483460725,0.506597333,0.515157514,0.522585971,0.542791942,0.00029368
z_Intercept_subj.909861321,0.514301696,0.014567385,0.4813513,0.506577942,0.515202631,0.5226074,0.542304917,0.000309533
z_Intercept_subj.910114803,0.516838361,0.014817729,0.484947571,0.508936332,0.516842565,0.524990228,0.547973187,0.000267299
z_Intercept_subj.911960296,0.508928882,0.016048777,0.469876992,0.500747052,0.511674017,0.518791786,0.536305822,0.000566686
z_Intercept_subj.923162466,0.510566828,0.015126179,0.475735195,0.502251731,0.512552923,0.519986098,0.538839037,0.00045744
z_Intercept_subj.931420970,0.515281737,0.014667008,0.483045345,0.507664639,0.51569229,0.523768383,0.543686795,0.0002954
z_Intercept_subj.933260573,0.527029574,0.017334743,0.49786417,0.515903694,0.523976375,0.536353336,0.567679692,0.000718788
z_Intercept_subj.945098209,0.514231953,0.014513437,0.481605529,0.506683592,0.515279023,0.52248881,0.542447457,0.000288702
z_Intercept_subj.949645864,0.516716459,0.014508242,0.487010803,0.508881415,0.516685628,0.52458242,0.54704134,0.000239607
z_Intercept_subj.949879914,0.517476712,0.014642841,0.486455076,0.509561597,0.517150418,0.525994985,0.548522278,0.000308708
z_Intercept_subj.956660069,0.508385058,0.016166135,0.471103867,0.499675806,0.510824934,0.518523956,0.536327495,0.000591567
z_Intercept_subj.961875421,0.519000152,0.014729908,0.48958771,0.510769073,0.518383869,0.52711933,0.55102333,0.000281066
z_Intercept_subj.964326783,0.516335209,0.015897433,0.483317814,0.50781347,0.516519367,0.525260411,0.549216113,0.000299748
z_Intercept_subj.968634301,0.518941165,0.014947739,0.489198005,0.510732202,0.518304628,0.52684556,0.551588854,0.000304641
z_Intercept_subj.971172922,0.512283615,0.014730107,0.478007744,0.504605915,0.513763633,0.521016863,0.539708884,0.000391951
z_Intercept_subj.977170877,0.518207754,0.015951345,0.484432729,0.510002526,0.517836415,0.526979905,0.551031949,0.000280129
z_Intercept_subj.979660929,0.517545244,0.014706285,0.487240089,0.509516165,0.517109173,0.525839915,0.547223031,0.000276405
z_Intercept_subj.984661157,0.512585039,0.01495529,0.478084915,0.504527421,0.51380779,0.521280574,0.541258353,0.000364634
z_Intercept_subj.985750851,0.516363462,0.015631331,0.482443515,0.508087789,0.51656353,0.525051388,0.548087184,0.000309877